source,category,name,price_ars,url,article,brand,availability,page,scraped_at
mexx,mothers,Motherboard AM4 - Biostar B450M HP,73859,https://www.mexx.com.ar/productos-rubro/motherboards/47600-motherboard-am4-biostar-b450m-hp.html,19217,Biostar,EN STOCK,1,2026-05-23T23:07:34
mexx,mothers,Motherboard AM4 - Msi B550M PRO VDH WIFI,189999,https://www.mexx.com.ar/productos-rubro/motherboards/44047-motherboard-am4-msi-b550m-pro-vdh-wifi.html,19560,Msi,EN STOCK,1,2026-05-23T23:07:34
mexx,mothers,Motherboard AM5 - Msi PRO B840M-P WIFI6E,211999,https://www.mexx.com.ar/productos-rubro/motherboards/50533-motherboard-am5-msi-pro-b840m-p-wifi6e.html,19736,Msi,EN STOCK,1,2026-05-23T23:07:34
mexx,mothers,Motherboard AM5 - Msi PRO B850-S WIFI6E,326999,https://www.mexx.com.ar/productos-rubro/motherboards/50719-motherboard-am5-msi-pro-b850-s-wifi6e.html,19738,Msi,EN STOCK,1,2026-05-23T23:07:34
mexx,mothers,Motherboard AM5 - Msi B850 GAMING PLUS WIFI PZ,399999,https://www.mexx.com.ar/productos-rubro/motherboards/50715-motherboard-am5-msi-b850-gaming-plus-wifi-pz.html,19739,Msi,EN STOCK,1,2026-05-23T23:07:34
mexx,mothers,Motherboard AM5 - Msi B850 GAMING PLUS WIFI,359219,https://www.mexx.com.ar/productos-rubro/motherboards/49125-motherboard-am5-msi-b850-gaming-plus-wifi.html,19741,Msi,EN STOCK,1,2026-05-23T23:07:34
mexx,mothers,Motherboard AM5 - Msi B850M GAMING PLUS WIFI6E,301999,https://www.mexx.com.ar/productos-rubro/motherboards/50534-motherboard-am5-msi-b850m-gaming-plus-wifi6e.html,19743,Msi,EN STOCK,1,2026-05-23T23:07:34
mexx,mothers,Motherboard AM5 - Msi B850M GAMING PRO WIFI6E,348139,https://www.mexx.com.ar/productos-rubro/motherboards/50717-motherboard-am5-msi-b850m-gaming-pro-wifi6e.html,19744,Msi,EN STOCK,1,2026-05-23T23:07:34
mexx,mothers,Motherboard AM5 - Msi B850M GAMING WIFI6E,258999,https://www.mexx.com.ar/productos-rubro/motherboards/50718-motherboard-am5-msi-b850m-gaming-wifi6e.html,19745,Msi,EN STOCK,1,2026-05-23T23:07:34
mexx,mothers,Motherboard AM5 - Msi PRO X870-P WIFI,399999,https://www.mexx.com.ar/productos-rubro/motherboards/48041-motherboard-am5-msi-pro-x870-p-wifi.html,19763,Msi,EN STOCK,1,2026-05-23T23:07:34
mexx,mothers,Motherboard AM5 - Msi X870 GAMING PLUS WIFI,440999,https://www.mexx.com.ar/productos-rubro/motherboards/49127-motherboard-am5-msi-x870-gaming-plus-wifi.html,19765,Msi,EN STOCK,1,2026-05-23T23:07:34
mexx,mothers,Motherboard AM5 - Msi PRO X870E-P WIFI,430999,https://www.mexx.com.ar/productos-rubro/motherboards/50535-motherboard-am5-msi-pro-x870e-p-wifi.html,19766,Msi,EN STOCK,1,2026-05-23T23:07:34
mexx,procesadores,Procesador Amd Ryzen 5 5500 3.6 Ghz - AM4 Sin Gpu,152449,https://www.mexx.com.ar/productos-rubro/procesadores/47212-procesador-amd-ryzen-5-5500-3.6-ghz-am4-sin-gpu.html,24153,Amd,EN STOCK,1,2026-05-23T23:07:35
mexx,procesadores,Procesador Amd Ryzen 5 5600GT 4.6 Ghz - AM4,246999,https://www.mexx.com.ar/productos-rubro/procesadores/46852-procesador-amd-ryzen-5-5600gt-4.6-ghz-am4.html,24157,Amd,EN STOCK,1,2026-05-23T23:07:35
mexx,procesadores,Procesador Amd Ryzen 5 7600 5.1 Ghz - AM5,317869,https://www.mexx.com.ar/productos-rubro/procesadores/45656-procesador-amd-ryzen-5-7600-5.1-ghz-am5.html,24164,Amd,EN STOCK,1,2026-05-23T23:07:35
mexx,procesadores,Procesador Amd Ryzen 5 7600X 5.3 Ghz - AM5 Sin Cooler,360899,https://www.mexx.com.ar/productos-rubro/procesadores/44152-procesador-amd-ryzen-5-7600x-5.3-ghz-am5-sin-cooler.html,24165,Amd,EN STOCK,1,2026-05-23T23:07:35
mexx,procesadores,Procesador Amd Ryzen 5 8600G 5.3 Ghz - AM5,265649,https://www.mexx.com.ar/productos-rubro/procesadores/46865-procesador-amd-ryzen-5-8600g-5.3-ghz-am5.html,24166,Amd,EN STOCK,1,2026-05-23T23:07:35
mexx,procesadores,Procesador Amd Ryzen 5 8400F 4.7 Ghz - AM5 Sin Video,245999,https://www.mexx.com.ar/productos-rubro/procesadores/47372-procesador-amd-ryzen-5-8400f-4.7-ghz-am5-sin-video.html,24168,Amd,EN STOCK,1,2026-05-23T23:07:35
mexx,procesadores,Procesador Amd Ryzen 5 9600 5.2 Ghz - AM5,367329,https://www.mexx.com.ar/productos-rubro/procesadores/50159-procesador-amd-ryzen-5-9600-5.2-ghz-am5.html,24170,Amd,EN STOCK,1,2026-05-23T23:07:35
mexx,procesadores,Procesador Amd Ryzen 7 5700 3.7Ghz - AM4 Sin Gpu,255899,https://www.mexx.com.ar/productos-rubro/procesadores/48270-procesador-amd-ryzen-7-5700-3.7ghz-am4-sin-gpu.html,24358,Amd,EN STOCK,1,2026-05-23T23:07:35
mexx,procesadores,Procesador Amd Ryzen 7 5700G 4.6 Ghz - AM4,301009,https://www.mexx.com.ar/productos-rubro/procesadores/40369-procesador-amd-ryzen-7-5700g-4.6-ghz-am4.html,24362,Amd,EN STOCK,1,2026-05-23T23:07:35
mexx,procesadores,Procesador Amd Ryzen 7 5700X 4.6 Ghz - AM4 Sin Cooler,336489,https://www.mexx.com.ar/productos-rubro/procesadores/42712-procesador-amd-ryzen-7-5700x-4.6-ghz-am4-sin-cooler.html,24363,Amd,EN STOCK,1,2026-05-23T23:07:35
mexx,procesadores,Procesador Amd Ryzen 7 7700 5.3 Ghz - AM5,540999,https://www.mexx.com.ar/productos-rubro/procesadores/45551-procesador-amd-ryzen-7-7700-5.3-ghz-am5.html,24364,Amd,EN STOCK,1,2026-05-23T23:07:35
mexx,procesadores,Procesador Amd Ryzen 7 7700X 5.4 Ghz - AM5 Sin Cooler,530999,https://www.mexx.com.ar/productos-rubro/procesadores/44153-procesador-amd-ryzen-7-7700x-5.4-ghz-am5-sin-cooler.html,24365,Amd,EN STOCK,1,2026-05-23T23:07:35
mexx,memorias,Memoria Ram DDR4 - 8Gb 3200 Mhz Kingston Value,156909,https://www.mexx.com.ar/productos-rubro/memorias-ram/50348-memoria-ram-ddr4-8gb-3200-mhz-kingston-value.html,27492,Kingston,EN STOCK,1,2026-05-23T23:07:36
mexx,memorias,Memoria Ram DDR4 - 8Gb 3200 Mhz Hiksemi Armor,125999,https://www.mexx.com.ar/productos-rubro/memorias-ram/50243-memoria-ram-ddr4-8gb-3200-mhz-hiksemi-armor.html,27493,Hiksemi,EN STOCK,1,2026-05-23T23:07:36
mexx,memorias,Memoria Ram DDR4 - 8Gb 3200 Mhz Aimerican Telekinesis Value,154669,https://www.mexx.com.ar/productos-rubro/memorias-ram/49383-memoria-ram-ddr4-8gb-3200-mhz-aimerican-telekinesis-value.html,27503,Aimerican,EN STOCK,1,2026-05-23T23:07:36
mexx,memorias,Memoria Ram DDR4 - 8Gb 3200 Mhz XPG D35G Rgb Negro,199999,https://www.mexx.com.ar/productos-rubro/memorias-ram/47427-memoria-ram-ddr4-8gb-3200-mhz-xpg-d35g-rgb-negro.html,27508,Xpg,EN STOCK,1,2026-05-23T23:07:36
mexx,memorias,Memoria Ram DDR4 - 8Gb 3200 Mhz XPG D35 Negro,189999,https://www.mexx.com.ar/productos-rubro/memorias-ram/50477-memoria-ram-ddr4-8gb-3200-mhz-xpg-d35-negro.html,27510,Xpg,EN STOCK,1,2026-05-23T23:07:36
mexx,memorias,Memoria Ram DDR4 - 8Gb 3200 Mhz Kingston Fury Beast Rgb,155999,https://www.mexx.com.ar/productos-rubro/memorias-ram/40456-memoria-ram-ddr4-8gb-3200-mhz-kingston-fury-beast-rgb.html,27515,Kingston Fury,EN STOCK,1,2026-05-23T23:07:36
mexx,memorias,Memoria Ram DDR4 - 8Gb 3200 Mhz Corsair Vengeance RS Rgb Negro,144919,https://www.mexx.com.ar/productos-rubro/memorias-ram/40886-memoria-ram-ddr4-8gb-3200-mhz-corsair-vengeance-rs-rgb-negro.html,27517,Corsair,EN STOCK,1,2026-05-23T23:07:36
mexx,memorias,Memoria Ram DDR4 - 8Gb 3200 Mhz Lexar,149999,https://www.mexx.com.ar/productos-rubro/memorias-ram/47410-memoria-ram-ddr4-8gb-3200-mhz-lexar.html,27518,Lexar,EN STOCK,1,2026-05-23T23:07:36
mexx,memorias,Memoria Ram DDR4 - 16Gb 3200 Mhz Aimerican Telekinesis Value,250999,https://www.mexx.com.ar/productos-rubro/memorias-ram/49384-memoria-ram-ddr4-16gb-3200-mhz-aimerican-telekinesis-value.html,27556,Aimerican,EN STOCK,1,2026-05-23T23:07:36
mexx,memorias,Memoria Ram DDR4 - 16Gb 3200 Mhz Hiksemi Armor,230999,https://www.mexx.com.ar/productos-rubro/memorias-ram/50178-memoria-ram-ddr4-16gb-3200-mhz-hiksemi-armor.html,27560,Hiksemi,EN STOCK,1,2026-05-23T23:07:36
mexx,memorias,Memoria Ram DDR4 - 16Gb 3200 Mhz Hiksemi Future,260999,https://www.mexx.com.ar/productos-rubro/memorias-ram/50292-memoria-ram-ddr4-16gb-3200-mhz-hiksemi-future.html,27562,Hiksemi,EN STOCK,1,2026-05-23T23:07:36
mexx,memorias,Memoria Ram DDR4 - 16Gb 3200 Mhz Kingston Fury Beast,349999,https://www.mexx.com.ar/productos-rubro/memorias-ram/50556-memoria-ram-ddr4-16gb-3200-mhz-kingston-fury-beast.html,27758,Kingston Fury,EN STOCK,1,2026-05-23T23:07:36
mexx,almacenamiento,Disco Rigido 1Tb Seagate Skyhawk,154999,https://www.mexx.com.ar/productos-rubro/almacenamiento/35264-disco-rigido-1tb-seagate-skyhawk.html,29500,Seagate,EN STOCK,1,2026-05-23T23:07:37
mexx,almacenamiento,Disco Rigido 4Tb Seagate Skyhawk,217999,https://www.mexx.com.ar/productos-rubro/almacenamiento/35268-disco-rigido-4tb-seagate-skyhawk.html,29900,Seagate,EN STOCK,1,2026-05-23T23:07:37
mexx,almacenamiento,Disco Rigido 10Tb Seagate Skyhawk,560999,https://www.mexx.com.ar/productos-rubro/almacenamiento/47271-disco-rigido-10tb-seagate-skyhawk.html,30251,Seagate,EN STOCK,1,2026-05-23T23:07:37
mexx,almacenamiento,Disco Rigido 2Tb Western Digital WD Purple,155999,https://www.mexx.com.ar/productos-rubro/almacenamiento/29734-disco-rigido-2tb-western-digital-wd-purple.html,30850,Western Digital,EN STOCK,1,2026-05-23T23:07:37
mexx,almacenamiento,Disco Rigido 4Tb Western Digital WD Purple,228399,https://www.mexx.com.ar/productos-rubro/almacenamiento/30015-disco-rigido-4tb-western-digital-wd-purple.html,31250,Western Digital,EN STOCK,1,2026-05-23T23:07:37
mexx,almacenamiento,Disco Rigido 6Tb Western Digital Wd Purple,330399,https://www.mexx.com.ar/productos-rubro/almacenamiento/46738-disco-rigido-6tb-western-digital-wd-purple.html,31351,Western Digital,EN STOCK,1,2026-05-23T23:07:37
mexx,almacenamiento,Disco Rigido 8Tb Western Digital Wd Purple,481169,https://www.mexx.com.ar/productos-rubro/almacenamiento/49865-disco-rigido-8tb-western-digital-wd-purple.html,31552,Western Digital,EN STOCK,1,2026-05-23T23:07:37
mexx,almacenamiento,Disco Externo 4Tb Toshiba Canvio Ready,212439,https://www.mexx.com.ar/productos-rubro/almacenamiento/51126-disco-externo-4tb-toshiba-canvio-ready.html,32350,Toshiba,EN STOCK,1,2026-05-23T23:07:37
mexx,almacenamiento,Disco Externo 4Tb Seagate Expansion STGX,234489,https://www.mexx.com.ar/productos-rubro/almacenamiento/47369-disco-externo-4tb-seagate-expansion-stgx.html,32353,Seagate,EN STOCK,1,2026-05-23T23:07:37
mexx,almacenamiento,Disco Externo Ssd Patriot PDP31 500Gb M.2 2230,190999,https://www.mexx.com.ar/productos-rubro/almacenamiento/50137-disco-externo-ssd-patriot-pdp31-500gb-m.2-2230.html,32430,Patriot,EN STOCK,1,2026-05-23T23:07:37
mexx,almacenamiento,Disco Externo Ssd Patriot PDP31 2Tb M.2 2230,470999,https://www.mexx.com.ar/productos-rubro/almacenamiento/50139-disco-externo-ssd-patriot-pdp31-2tb-m.2-2230.html,32432,Patriot,EN STOCK,1,2026-05-23T23:07:37
mexx,almacenamiento,Storage Hub Patriot Mobile MD330 128Gb,77999,https://www.mexx.com.ar/productos-rubro/almacenamiento/50156-storage-hub-patriot-mobile-md330-128gb.html,32500,Patriot,EN STOCK,1,2026-05-23T23:07:37
mexx,placas_video,Placa De Video GeForce GT 1030 4Gb Msi Oc Low Profile,188489,https://www.mexx.com.ar/productos-rubro/placas-de-video/47943-placa-de-video-geforce-gt-1030-4gb-msi-oc-low-profile.html,35802,Msi,EN STOCK,1,2026-05-23T23:07:41
mexx,placas_video,Placa De Video GeForce RTX 3050 6Gb Zotac Twin Edge Oc,361219,https://www.mexx.com.ar/productos-rubro/placas-de-video/51068-placa-de-video-geforce-rtx-3050-6gb-zotac-twin-edge-oc.html,39530,Zotac,EN STOCK,1,2026-05-23T23:07:41
mexx,placas_video,Placa De Video GeForce RTX 3050 6Gb Msi LP Oc,383599,https://www.mexx.com.ar/productos-rubro/placas-de-video/50388-placa-de-video-geforce-rtx-3050-6gb-msi-lp-oc.html,39531,Msi,EN STOCK,1,2026-05-23T23:07:41
mexx,placas_video,Placa De Video GeForce RTX 3050 6Gb Asus Dual Oc,385999,https://www.mexx.com.ar/productos-rubro/placas-de-video/47902-placa-de-video-geforce-rtx-3050-6gb-asus-dual-oc.html,39537,Asus,EN STOCK,1,2026-05-23T23:07:41
mexx,placas_video,Placa De Video GeForce RTX 3050 6Gb Inno3D Twin X2,354999,https://www.mexx.com.ar/productos-rubro/placas-de-video/51220-placa-de-video-geforce-rtx-3050-6gb-inno3d-twin-x2.html,39546,Inno3D,EN STOCK,1,2026-05-23T23:07:41
mexx,placas_video,Placa De Video Geforce RTX 5060 8Gb Inno3D Twin X2,649239,https://www.mexx.com.ar/productos-rubro/placas-de-video/51221-placa-de-video-geforce-rtx-5060-8gb-inno3d-twin-x2.html,39610,Inno3D,EN STOCK,1,2026-05-23T23:07:41
mexx,placas_video,Placa De Video GeForce RTX 5050 8G Msi Gaming Oc,560549,https://www.mexx.com.ar/productos-rubro/placas-de-video/50654-placa-de-video-geforce-rtx-5050-8g-msi-gaming-oc.html,39618,Msi,EN STOCK,1,2026-05-23T23:07:41
mexx,placas_video,Placa De Video GeForce RTX 5050 8Gb Zotac Twin Edge Oc,545999,https://www.mexx.com.ar/productos-rubro/placas-de-video/50689-placa-de-video-geforce-rtx-5050-8gb-zotac-twin-edge-oc.html,39624,Zotac,EN STOCK,1,2026-05-23T23:07:41
mexx,placas_video,Placa De Video Geforce RTX 5050 8Gb Msi Ventus 2X Oc,670999,https://www.mexx.com.ar/productos-rubro/placas-de-video/50212-placa-de-video-geforce-rtx-5050-8gb-msi-ventus-2x-oc.html,39640,Msi,EN STOCK,1,2026-05-23T23:07:41
mexx,placas_video,Placa De Video GeForce RTX 5060 8Gb Asus Dual Oc Evo,666979,https://www.mexx.com.ar/productos-rubro/placas-de-video/51108-placa-de-video-geforce-rtx-5060-8gb-asus-dual-oc-evo.html,39644,Asus,EN STOCK,1,2026-05-23T23:07:41
mexx,placas_video,Placa De Video GeForce RTX 5060 8Gb Msi Cyclone Oc,707119,https://www.mexx.com.ar/productos-rubro/placas-de-video/50507-placa-de-video-geforce-rtx-5060-8gb-msi-cyclone-oc.html,39648,Msi,EN STOCK,1,2026-05-23T23:07:41
mexx,placas_video,Placa De Video GeForce RTX 5060 8Gb Msi Shadow 2X Oc,690259,https://www.mexx.com.ar/productos-rubro/placas-de-video/49872-placa-de-video-geforce-rtx-5060-8gb-msi-shadow-2x-oc.html,39649,Msi,EN STOCK,1,2026-05-23T23:07:41
mexx,fuentes,Fuente Performance 550W,24469,https://www.mexx.com.ar/productos-rubro/fuentes-de-poder/48052-fuente-performance-550w.html,67797,Performance,EN STOCK,1,2026-05-23T23:07:41
mexx,fuentes,Fuente Evolabs Power 500W,51589,https://www.mexx.com.ar/productos-rubro/fuentes-de-poder/50561-fuente-evolabs-power-500w.html,68090,Evolabs,EN STOCK,1,2026-05-23T23:07:41
mexx,fuentes,Fuente Evolabs Power 600W,62239,https://www.mexx.com.ar/productos-rubro/fuentes-de-poder/50562-fuente-evolabs-power-600w.html,68091,Evolabs,EN STOCK,1,2026-05-23T23:07:41
mexx,fuentes,Fuente Evolabs Power 750W 80 Plus Silver,86009,https://www.mexx.com.ar/productos-rubro/fuentes-de-poder/50564-fuente-evolabs-power-750w-80-plus-silver.html,68093,Evolabs,EN STOCK,1,2026-05-23T23:07:41
mexx,fuentes,Fuente Lnz SX 600-TS 600W,39899,https://www.mexx.com.ar/productos-rubro/fuentes-de-poder/51171-fuente-lnz-sx-600-ts-600w.html,68100,Lnz,EN STOCK,1,2026-05-23T23:07:41
mexx,fuentes,Fuente Lnz SX 650-TS 650W,41999,https://www.mexx.com.ar/productos-rubro/fuentes-de-poder/51172-fuente-lnz-sx-650-ts-650w.html,68101,Lnz,EN STOCK,1,2026-05-23T23:07:41
mexx,fuentes,Fuente Lnz SX 700-TS 700W,44899,https://www.mexx.com.ar/productos-rubro/fuentes-de-poder/51173-fuente-lnz-sx-700-ts-700w.html,68102,Lnz,EN STOCK,1,2026-05-23T23:07:41
mexx,fuentes,Fuente Lnz ZX-650-GZ 650W,44809,https://www.mexx.com.ar/productos-rubro/fuentes-de-poder/48879-fuente-lnz-zx-650-gz-650w.html,68106,Lnz,EN STOCK,1,2026-05-23T23:07:41
mexx,fuentes,Fuente Lnz ZX 750-GZ 750W,49279,https://www.mexx.com.ar/productos-rubro/fuentes-de-poder/49400-fuente-lnz-zx-750-gz-750w.html,68112,Lnz,EN STOCK,1,2026-05-23T23:07:41
mexx,fuentes,Fuente Sentey EPP700-GT 700W 80 Plus Bronze,61539,https://www.mexx.com.ar/productos-rubro/fuentes-de-poder/51176-fuente-sentey-epp700-gt-700w-80-plus-bronze.html,68247,Sentey,EN STOCK,1,2026-05-23T23:07:41
mexx,fuentes,Fuente Sentey MBP650-GX 650W 80 Plus Bronze,65999,https://www.mexx.com.ar/productos-rubro/fuentes-de-poder/51195-fuente-sentey-mbp650-gx-650w-80-plus-bronze.html,68255,Sentey,EN STOCK,1,2026-05-23T23:07:41
mexx,fuentes,Fuente Sentey MBP700-GX 700W 80 Plus Bronze,69999,https://www.mexx.com.ar/productos-rubro/fuentes-de-poder/51196-fuente-sentey-mbp700-gx-700w-80-plus-bronze.html,68256,Sentey,EN STOCK,1,2026-05-23T23:07:41
mexx,refrigeracion,Cooler Cpu Cooler Evolabs Cryo 3H Frgb 95W,18999,https://www.mexx.com.ar/productos-rubro/refrigeracion-pc/50565-cooler-cpu-cooler-evolabs-cryo-3h-frgb-95w.html,70394,Evolabs,EN STOCK,1,2026-05-23T23:07:42
mexx,refrigeracion,Cooler Cpu Cooler Master Hyper H411 Nano Argb 100W,51999,https://www.mexx.com.ar/productos-rubro/refrigeracion-pc/49708-cooler-cpu-cooler-master-hyper-h411-nano-argb-100w.html,70396,Cooler Master,EN STOCK,1,2026-05-23T23:07:42
mexx,refrigeracion,Cooler Cpu Cooler Master Hyper 212 Pro Rgb 150W,65999,https://www.mexx.com.ar/productos-rubro/refrigeracion-pc/49709-cooler-cpu-cooler-master-hyper-212-pro-rgb-150w.html,70400,Cooler Master,EN STOCK,1,2026-05-23T23:07:42
mexx,refrigeracion,Cooler Cpu Cooler Master Hyper 212 Spectrum V3 150W,33999,https://www.mexx.com.ar/productos-rubro/refrigeracion-pc/50340-cooler-cpu-cooler-master-hyper-212-spectrum-v3-150w.html,70403,Cooler Master,EN STOCK,1,2026-05-23T23:07:42
mexx,refrigeracion,Cooler Cpu Msi Mag Corefrozr AA13 Argb 200W Blanco,35479,https://www.mexx.com.ar/productos-rubro/refrigeracion-pc/50723-cooler-cpu-msi-mag-corefrozr-aa13-argb-200w-blanco.html,70433,Msi,EN STOCK,1,2026-05-23T23:07:42
mexx,refrigeracion,Cooler Cpu Msi Mag Corefrozr AA13 Argb 200W,39999,https://www.mexx.com.ar/productos-rubro/refrigeracion-pc/50722-cooler-cpu-msi-mag-corefrozr-aa13-argb-200w.html,70434,Msi,EN STOCK,1,2026-05-23T23:07:42
mexx,refrigeracion,Cooler Cpu Watercooler Cooler Master MasterLiquid 240 Core II Argb 200W,150999,https://www.mexx.com.ar/productos-rubro/refrigeracion-pc/49712-cooler-cpu-watercooler-cooler-master-masterliquid-240-core-ii-argb-200w.html,70441,Cooler Master,EN STOCK,1,2026-05-23T23:07:42
mexx,refrigeracion,Cooler Cpu Watercooler Cooler Master MasterLiquid 240 Core II Argb 200W Bla,150999,https://www.mexx.com.ar/productos-rubro/refrigeracion-pc/49713-cooler-cpu-watercooler-cooler-master-masterliquid-240-core-ii-argb-200w-bla.html,70442,Cooler Master,EN STOCK,1,2026-05-23T23:07:42
mexx,refrigeracion,Cooler Cpu Watercooler Cooler Master MasterLiquid 360 CoreII Argb 250W Whit,190999,https://www.mexx.com.ar/productos-rubro/refrigeracion-pc/49716-cooler-cpu-watercooler-cooler-master-masterliquid-360-coreii-argb-250w-whit.html,70446,Cooler Master,EN STOCK,1,2026-05-23T23:07:42
mexx,refrigeracion,Cooler Cpu Watercooler Msi Mag Coreliquid A13 240 Argb 200W,124999,https://www.mexx.com.ar/productos-rubro/refrigeracion-pc/48380-cooler-cpu-watercooler-msi-mag-coreliquid-a13-240-argb-200w.html,70454,Msi,EN STOCK,1,2026-05-23T23:07:42
mexx,refrigeracion,Cooler Cpu Watercooler Msi Mag Coreliquid A13 240 Argb 200W Blanco,125999,https://www.mexx.com.ar/productos-rubro/refrigeracion-pc/48536-cooler-cpu-watercooler-msi-mag-coreliquid-a13-240-argb-200w-blanco.html,70459,Msi,EN STOCK,1,2026-05-23T23:07:42
mexx,refrigeracion,Cooler Cpu Watercooler Msi Mag Coreliquid A12 240 Argb 200W,94999,https://www.mexx.com.ar/productos-rubro/refrigeracion-pc/49129-cooler-cpu-watercooler-msi-mag-coreliquid-a12-240-argb-200w.html,70461,Msi,EN STOCK,1,2026-05-23T23:07:42
mexx,monitores,"Monitor Led 19"" X-Micro Hdmi Vga 75Hz 5Ms X19KN",75389,https://www.mexx.com.ar/productos-rubro/monitores/49731-monitor-led-19-x-micro-hdmi-vga-75hz-5ms-x19kn.html,56944,X-Micro,EN STOCK,1,2026-05-23T23:07:42
mexx,monitores,"Monitor Led 19"" LG Hd 60Hz 5Ms 19M38L-B",134629,https://www.mexx.com.ar/productos-rubro/monitores/49817-monitor-led-19-lg-hd-60hz-5ms-19m38l-b.html,56951,LG,EN STOCK,1,2026-05-23T23:07:42
mexx,monitores,"Monitor Led 19"" Hikvision 75Hz Vga - Hdmi",106999,https://www.mexx.com.ar/productos-rubro/monitores/49552-monitor-led-19-hikvision-75hz-vga-hdmi.html,56996,Hikvision,EN STOCK,1,2026-05-23T23:07:42
mexx,monitores,"Monitor Led 20"" LG Hd 75Hz 5Ms 20U401A-B",134699,https://www.mexx.com.ar/productos-rubro/monitores/49545-monitor-led-20-lg-hd-75hz-5ms-20u401a-b.html,57202,LG,EN STOCK,1,2026-05-23T23:07:42
mexx,monitores,"Monitor Led 22"" Gfast 60Hz Fhd Hdm T-220",122819,https://www.mexx.com.ar/productos-rubro/monitores/44185-monitor-led-22-gfast-60hz-fhd-hdm-t-220.html,57235,Gfast,EN STOCK,1,2026-05-23T23:07:42
mexx,monitores,"Monitor Gamer 20"" X-Micro Hdmi Vga 75Hz 5Ms X20KN",76299,https://www.mexx.com.ar/productos-rubro/monitores/48989-monitor-gamer-20-x-micro-hdmi-vga-75hz-5ms-x20kn.html,57340,X-Micro,EN STOCK,1,2026-05-23T23:07:42
mexx,monitores,"Monitor Gamer 22"" X-Micro Hdmi Vga 75Hz 5Ms X22KN",96469,https://www.mexx.com.ar/productos-rubro/monitores/48990-monitor-gamer-22-x-micro-hdmi-vga-75hz-5ms-x22kn.html,57344,X-Micro,EN STOCK,1,2026-05-23T23:07:42
mexx,monitores,"Monitor Gamer 22"" Samsung S3 Full Hd 100Hz Ips 5Ms LS22D300GALXZB",151259,https://www.mexx.com.ar/productos-rubro/monitores/49832-monitor-gamer-22-samsung-s3-full-hd-100hz-ips-5ms-ls22d300galxzb.html,57361,Samsung,EN STOCK,1,2026-05-23T23:07:42
mexx,monitores,"Monitor Gamer 22"" Msi Pro Full Hd 100Hz Hdmi Vga 1Ms MP225V",133709,https://www.mexx.com.ar/productos-rubro/monitores/50245-monitor-gamer-22-msi-pro-full-hd-100hz-hdmi-vga-1ms-mp225v.html,57365,Msi,EN STOCK,1,2026-05-23T23:07:42
mexx,monitores,"Monitor Gamer 22"" LG Full Hd 75Hz 5Ms 22MP410-B",154499,https://www.mexx.com.ar/productos-rubro/monitores/42935-monitor-gamer-22-lg-full-hd-75hz-5ms-22mp410-b.html,57458,LG,EN STOCK,1,2026-05-23T23:07:42
mexx,monitores,"Monitor Led 22"" LG 22U401A Full Hd 100Hz",160179,https://www.mexx.com.ar/productos-rubro/monitores/51204-monitor-led-22-lg-22u401a-full-hd-100hz.html,57463,LG,EN STOCK,1,2026-05-23T23:07:42
mexx,monitores,"Monitor Led 24"" Hikvision Hd 100Hz 8Ms DS-D5024F2-AV2",142809,https://www.mexx.com.ar/productos-rubro/monitores/49026-monitor-led-24-hikvision-hd-100hz-8ms-ds-d5024f2-av2.html,57540,Hikvision,EN STOCK,1,2026-05-23T23:07:42
