estado,grupo,producto_normalizado,nb_categoria,nb_codigo,nb_id_fabricante,nb_nombre,nb_marca,nb_precio_ars,nb_stock,mexx_match_score,mexx_articulo,mexx_nombre,mexx_marca,mexx_precio_ars,mexx_disponibilidad,mexx_diferencia_ars,mexx_diferencia_pct,mexx_url,mejor_diferencia_ars,mejor_fuente
repetido,procesadores,procesadores|AMD|RYZEN|9|9950X,PROCESADORES,119375,100-100001277WOF,PROCESADOR AMD (AM5) RYZEN 9 9950X,AMD                                               ,935091.06,4.0,81.0,24416,Procesador Amd Ryzen 9 9950X 3D 5.7 Ghz - AM5 Sin Cooler Con Gpu,Amd,1190999.0,EN STOCK,255907.93999999994,27.367167856358282,https://www.mexx.com.ar/productos-rubro/procesadores/48831-procesador-amd-ryzen-9-9950x-3d-5.7-ghz-am5-sin-cooler-con-gpu.html,255907.93999999994,mexx
repetido,procesadores,procesadores|AMD|RYZEN|7|9850X3D,PROCESADORES,122551,100-100001973WOF,PROCESADOR AMD (AM5)  RYZEN 7 9850X3D,AMD                                               ,816030.51,10.0,100.0,24374,Procesador Amd Ryzen 7 9850X3D 5.6 Ghz - AM5 Sin Cooler,Amd,1004339.0,EN STOCK,188308.49,23.076158022571974,https://www.mexx.com.ar/productos-rubro/procesadores/51283-procesador-amd-ryzen-7-9850x3d-5.6-ghz-am5-sin-cooler.html,188308.49,mexx
repetido,procesadores,procesadores|AMD|RYZEN|7|9800X3D,PROCESADORES,119760,100-100001084WOF,PROCESADOR AMD (AM5) RYZEN 7 9800X3D,AMD                                               ,667789.01,10.0,100.0,24372,Procesador Amd Ryzen 7 9800X3D 5.2 Ghz - AM5 Sin Cooler,Amd,855799.0,EN STOCK,188009.99,28.154100649245485,https://www.mexx.com.ar/productos-rubro/procesadores/48630-procesador-amd-ryzen-7-9800x3d-5.2-ghz-am5-sin-cooler.html,188009.99,mexx
repetido,procesadores,procesadores|INTEL|COREULTRA|9|285K,PROCESADORES,120138,BX80768285K,PROCESADOR INTEL (LGA1851) CORE ULTRA 9 285K,INTEL                                             ,958664.45,10.0,79.0,25666,Procesador Intel Core Ultra 9 285K 5.7 Ghz,Intel,1080999.0,EN STOCK,122334.55000000005,12.76093527824048,https://www.mexx.com.ar/productos-rubro/procesadores/49782-procesador-intel-core-ultra-9-285k-5.7-ghz.html,122334.55000000005,mexx
repetido,procesadores,procesadores|AMD|RYZEN|7|7800X3D,PROCESADORES,118151,100-100000910WOF,PROCESADOR AMD (AM5)  RYZEN 7 7800X3D,AMD                                               ,595707.72,10.0,100.0,24366,Procesador Amd Ryzen 7 7800X3D 5.0 Ghz - AM5 Sin Cooler,Amd,710999.0,EN STOCK,115291.28000000003,19.353665586203924,https://www.mexx.com.ar/productos-rubro/procesadores/50970-procesador-amd-ryzen-7-7800x3d-5.0-ghz-am5-sin-cooler.html,115291.28000000003,mexx
repetido,procesadores,procesadores|AMD|RYZEN|9|9900X3D,PROCESADORES,120135,100-100001368WOF,PROCESADOR AMD (AM5) RYZEN 9 9900X3D,AMD                                               ,966410.35,10.0,89.0,24415,Procesador Amd Ryzen 9 9900X3D 5.5 Ghz - AM5 Sin Cooler Con Gpu,Amd,1057999.0,EN STOCK,91588.65000000002,9.477200859862482,https://www.mexx.com.ar/productos-rubro/procesadores/48832-procesador-amd-ryzen-9-9900x3d-5.5-ghz-am5-sin-cooler-con-gpu.html,91588.65000000002,mexx
repetido,procesadores,procesadores|AMD|RYZEN|7|7700,PROCESADORES,118093,100-100000592BOX,PROCESADOR AMD (AM5) RYZEN 7 7700 C/COOLER,AMD                                               ,482085.3,10.0,100.0,24364,Procesador Amd Ryzen 7 7700 5.3 Ghz - AM5,Amd,540999.0,EN STOCK,58913.70000000001,12.220596645448433,https://www.mexx.com.ar/productos-rubro/procesadores/45551-procesador-amd-ryzen-7-7700-5.3-ghz-am5.html,58913.70000000001,mexx
repetido,procesadores,procesadores|AMD|RYZEN|9|9900X,PROCESADORES,119142,100-00000662WOF,PROCESADOR AMD (AM5) RYZEN 9 9900X,AMD                                               ,666633.24,10.0,88.0,24413,Procesador Amd Ryzen 9 9900X 5.6 Ghz - AM5 Sin Cooler Con Gpu,Amd,706529.0,EN STOCK,39895.76000000001,5.984664071056525,https://www.mexx.com.ar/productos-rubro/procesadores/47620-procesador-amd-ryzen-9-9900x-5.6-ghz-am5-sin-cooler-con-gpu.html,39895.76000000001,mexx
repetido,procesadores,procesadores|AMD|RYZEN|7|9700X,PROCESADORES,119141,100-100001404WOF,PROCESADOR AMD (AM5) RYZEN 7 9700X,AMD                                               ,535124.81,10.0,88.0,24371,Procesador Amd Ryzen 7 9700X 5.5 Ghz - AM5 Sin Cooler Con Gpu,Amd,571979.0,EN STOCK,36854.189999999944,6.887026972268384,https://www.mexx.com.ar/productos-rubro/procesadores/47618-procesador-amd-ryzen-7-9700x-5.5-ghz-am5-sin-cooler-con-gpu.html,36854.189999999944,mexx
repetido,procesadores,procesadores|AMD|RYZEN|7|5700X,PROCESADORES,116714,100-100000926WOF,PROCESADOR AMD (AM4) RYZEN 7 5700X (SIN COOLER),AMD                                               ,303891.29,10.0,100.0,24363,Procesador Amd Ryzen 7 5700X 4.6 Ghz - AM4 Sin Cooler,Amd,336489.0,EN STOCK,32597.71000000002,10.726766798745704,https://www.mexx.com.ar/productos-rubro/procesadores/42712-procesador-amd-ryzen-7-5700x-4.6-ghz-am4-sin-cooler.html,32597.71000000002,mexx
repetido,procesadores,procesadores|AMD|RYZEN|7|5700,PROCESADORES,121697,100-100000743SBX,PROCESADOR AMD (AM4) RYZEN 7 5700,AMD                                               ,224994.23,10.0,76.0,24358,Procesador Amd Ryzen 7 5700 3.7Ghz - AM4 Sin Gpu,Amd,255899.0,EN STOCK,30904.76999999999,13.735805580436436,https://www.mexx.com.ar/productos-rubro/procesadores/48270-procesador-amd-ryzen-7-5700-3.7ghz-am4-sin-gpu.html,30904.76999999999,mexx
repetido,procesadores,procesadores|AMD|RYZEN|7|7700X,PROCESADORES,117727,100-100000591WOF,PROCESADOR AMD (AM5) RYZEN 7 7700X,AMD                                               ,510671.67,10.0,100.0,24365,Procesador Amd Ryzen 7 7700X 5.4 Ghz - AM5 Sin Cooler,Amd,530999.0,EN STOCK,20327.330000000016,3.980508650499452,https://www.mexx.com.ar/productos-rubro/procesadores/44153-procesador-amd-ryzen-7-7700x-5.4-ghz-am5-sin-cooler.html,20327.330000000016,mexx
repetido,procesadores,procesadores|AMD|RYZEN|5|9600,PROCESADORES,120633,100-100000718BOX,PROCESADOR AMD (AM5) RYZEN 5 9600,AMD                                               ,351649.03,10.0,100.0,24170,Procesador Amd Ryzen 5 9600 5.2 Ghz - AM5,Amd,367329.0,EN STOCK,15679.969999999972,4.458982867093355,https://www.mexx.com.ar/productos-rubro/procesadores/50159-procesador-amd-ryzen-5-9600-5.2-ghz-am5.html,15679.969999999972,mexx
repetido,procesadores,procesadores|AMD|RYZEN|7|8700G,PROCESADORES,121556,100-100001236SBX,PROCESADOR AMD (AM5) RYZEN 7 8700G,AMD                                               ,359951.09,10.0,100.0,24367,Procesador Amd Ryzen 7 8700G 5.1 Ghz - AM5,Amd,375629.0,EN STOCK,15677.909999999974,4.355566752138457,https://www.mexx.com.ar/productos-rubro/procesadores/46866-procesador-amd-ryzen-7-8700g-5.1-ghz-am5.html,15677.909999999974,mexx
repetido,procesadores,procesadores|AMD|RYZEN|5|7600,PROCESADORES,118092,100-100001015BOX,PROCESADOR AMD (AM5) RYZEN 5 7600 C/COOLER,AMD                                               ,302422.48,10.0,100.0,24164,Procesador Amd Ryzen 5 7600 5.1 Ghz - AM5,Amd,317869.0,EN STOCK,15446.520000000019,5.107596498778801,https://www.mexx.com.ar/productos-rubro/procesadores/45656-procesador-amd-ryzen-5-7600-5.1-ghz-am5.html,15446.520000000019,mexx
repetido,procesadores,procesadores|AMD|RYZEN|5|7600X,PROCESADORES,117726,100-100000593WOF,PROCESADOR AMD (AM5) RYZEN 5 7600X,AMD                                               ,346921.38,10.0,100.0,24165,Procesador Amd Ryzen 5 7600X 5.3 Ghz - AM5 Sin Cooler,Amd,360899.0,EN STOCK,13977.619999999995,4.029045428102469,https://www.mexx.com.ar/productos-rubro/procesadores/44152-procesador-amd-ryzen-5-7600x-5.3-ghz-am5-sin-cooler.html,13977.619999999995,mexx
repetido,procesadores,procesadores|AMD|RYZEN|7|5700G,PROCESADORES,111454,100-00000263BOX,PROCESADOR AMD (AM4) RYZEN 7 5700G,AMD                                               ,288737.41,10.0,100.0,24362,Procesador Amd Ryzen 7 5700G 4.6 Ghz - AM4,Amd,301009.0,EN STOCK,12271.590000000026,4.250086609836954,https://www.mexx.com.ar/productos-rubro/procesadores/40369-procesador-amd-ryzen-7-5700g-4.6-ghz-am4.html,12271.590000000026,mexx
repetido,procesadores,procesadores|AMD|RYZEN|5|8400F,PROCESADORES,119024,100-100001591BOX,PROCESADOR AMD (AM5) RYZEN 5 8400F C/COOLER,AMD                                               ,237361.49,10.0,100.0,24168,Procesador Amd Ryzen 5 8400F 4.7 Ghz - AM5 Sin Video,Amd,245999.0,EN STOCK,8637.51000000001,3.638968562254985,https://www.mexx.com.ar/productos-rubro/procesadores/47372-procesador-amd-ryzen-5-8400f-4.7-ghz-am5-sin-video.html,8637.51000000001,mexx
repetido,procesadores,procesadores|AMD|RYZEN|5|8600G,PROCESADORES,118837,100-100001237BOX,PROCESADOR AMD (AM5) RYZEN 5 8600G,AMD                                               ,258203.07,10.0,100.0,24166,Procesador Amd Ryzen 5 8600G 5.3 Ghz - AM5,Amd,265649.0,EN STOCK,7445.929999999993,2.8837496006534673,https://www.mexx.com.ar/productos-rubro/procesadores/46865-procesador-amd-ryzen-5-8600g-5.3-ghz-am5.html,7445.929999999993,mexx
repetido,procesadores,procesadores|AMD|RYZEN|5|5600GT,PROCESADORES,118839,100-100001488BOX,PROCESADOR AMD (AM4) RYZEN 5 5600GT,AMD                                               ,241439.61,10.0,100.0,24157,Procesador Amd Ryzen 5 5600GT 4.6 Ghz - AM4,Amd,246999.0,EN STOCK,5559.390000000014,2.3026006378986508,https://www.mexx.com.ar/productos-rubro/procesadores/46852-procesador-amd-ryzen-5-5600gt-4.6-ghz-am4.html,5559.390000000014,mexx
repetido,procesadores,procesadores|AMD|RYZEN|5|5500,PROCESADORES,116713,100-100000457BOX,PROCESADOR AMD (AM4) RYZEN 5 5500 3.6GHZ,AMD                                               ,150121.91,10.0,76.0,24153,Procesador Amd Ryzen 5 5500 3.6 Ghz - AM4 Sin Gpu,Amd,152449.0,EN STOCK,2327.0899999999965,1.5501334881763738,https://www.mexx.com.ar/productos-rubro/procesadores/47212-procesador-amd-ryzen-5-5500-3.6-ghz-am4-sin-gpu.html,2327.0899999999965,mexx
solo_distribuidor,almacenamiento,almacenamiento|PATRIOT|512GB|P210|SOLID|512GB|SATA3|PE000718,DISCOS SSD,108618,P210S512G25,DISCO SSD PATRIOT P210 SOLID 512GB SATA3 PE000718,PATRIOT                                           ,129574.0,10.0,-,-,-,-,-,-,-,-,-,-,-
solo_distribuidor,almacenamiento,almacenamiento|PATRIOT|1000GB|P300|1000GB|2280|GEN3|X4,DISCOS SSD,113158,P300P1TBM28,DISCO SSD PATRIOT P300 1TB M.2 2280 PCIE GEN3 X4 PE000693,PATRIOT                                           ,288233.06,10.0,-,-,-,-,-,-,-,-,-,-,-
solo_distribuidor,almacenamiento,almacenamiento|PATRIOT||BURST|ELITE|SOLID|960|SATA3,DISCOS SSD,113155,PBE960GS25SSDR,DISCO SSD PATRIOT BURST ELITE SOLID 960 GB SATA3 PE000778,PATRIOT                                           ,229245.24,10.0,-,-,-,-,-,-,-,-,-,-,-
solo_distribuidor,almacenamiento,almacenamiento|NETAC|1000GB|N535N|2280|SATAIII|3D|NAND,DISCOS SSD,115743,NT01N535N-001T-N8X,DISCO SSD NETAC N535N M.2 2280 SATAIII 3D NAND SSD 1TB,NETAC ,238006.14,10.0,-,-,-,-,-,-,-,-,-,-,-
solo_distribuidor,almacenamiento,almacenamiento|NETAC||N535N|2280|SATAIII|3D|NAND,DISCOS SSD,115741,NT01N535N-256G-N8X,DISCO SSD NETAC N535N M.2 2280 SATAIII 3D NAND SSD 256 GB,NETAC ,75761.51,10.0,-,-,-,-,-,-,-,-,-,-,-
solo_distribuidor,almacenamiento,almacenamiento|NETAC||N535N|2280|SATAIII|3D|NAND,DISCOS SSD,115742,NT01N535N-512G-N8X,DISCO SSD NETAC N535N M.2 2280 SATAIII 3D NAND SSD 512 GB,NETAC ,141338.34,10.0,-,-,-,-,-,-,-,-,-,-,-
solo_distribuidor,almacenamiento,almacenamiento|NETAC||SA500|SATA3|240,DISCOS SSD,117543,NT01SA500-240-S3X,DISCO SSD NETAC SA500 2.5 SATA3 240 GB,NETAC ,73690.56,10.0,-,-,-,-,-,-,-,-,-,-,-
solo_distribuidor,almacenamiento,almacenamiento|NETAC||SA500|SATA3|480,DISCOS SSD,117544,NT01SA500-480-S3X,DISCO SSD NETAC SA500 2.5 SATA3 480 GB,NETAC ,124359.79,10.0,-,-,-,-,-,-,-,-,-,-,-
solo_distribuidor,almacenamiento,almacenamiento|WD|1000GB|1000GB|SN8100,DISCOS SSD,121278,WDS100T1X0M,DISCO SSD M.2 1TB WD BLACK SN8100 NVME,WD                                                ,425671.53,2.0,-,-,-,-,-,-,-,-,-,-,-
solo_distribuidor,almacenamiento,almacenamiento|WD|2000GB|2000GB|SN850X,DISCOS SSD,119842,WDS200T2XHE,DISCO SSD M.2 2TB WD BLACK SN850X NVME HEATSINK,WD                                                ,562740.74,1.0,-,-,-,-,-,-,-,-,-,-,-
solo_distribuidor,almacenamiento,almacenamiento|WD|2000GB|2000GB|GREEN,DISCOS SSD,121435,WDS200T5G0A,DISCO SSD SATA 2TB WD GREEN,WD                                                ,449810.21,6.0,-,-,-,-,-,-,-,-,-,-,-
solo_distribuidor,almacenamiento,almacenamiento|ADATA|1000GB|LEGEND|860|1000GB|M2|GEN4,DISCOS SSD,121149,SLEG-860-1000GCS,DISCO SSD ADATA LEGEND 860 1TB M2 Gen4 x4 M.2 2280 6.000/5.000 MB/s,ADATA,319145.0,10.0,-,-,-,-,-,-,-,-,-,-,-
solo_distribuidor,almacenamiento,almacenamiento|PATRIOT|256GB|P220|256GB|SATA3|PS001662,DISCOS SSD,121672,P220S256G25,DISCO SSD PATRIOT P220 256GB 2.5 SATA3 PS001662,PATRIOT                                           ,78687.16,10.0,-,-,-,-,-,-,-,-,-,-,-
solo_distribuidor,almacenamiento,almacenamiento|ADATA|1000GB|SU650|1000GB,DISCOS SSD,121572,ASU650SS-1TT-R,DISCO SSD ADATA SU650 2.5 1TB,ADATA,241213.65,10.0,-,-,-,-,-,-,-,-,-,-,-
solo_distribuidor,almacenamiento,almacenamiento|WD|500GB|500GB|SN5000,DISCOS SSD,121679,WDS500G4B0E,DISCO SSD M.2 500GB WD BLUE SN5000 NVME,WD                                                ,173404.0,10.0,-,-,-,-,-,-,-,-,-,-,-
solo_distribuidor,almacenamiento,almacenamiento|ADATA|512GB|SU650|512GB,DISCOS SSD,121571,ASU650SS-512GT-R,DISCO SSD ADATA SU650 2.5 512GB,ADATA,132085.53,10.0,-,-,-,-,-,-,-,-,-,-,-
solo_distribuidor,almacenamiento,almacenamiento|WD|1000GB|1000GB|GREEN,DISCOS SSD,122760,WDS100T5G0A,DISCO SSD SATA 1TB WD GREEN,WD                                                ,248381.35,10.0,-,-,-,-,-,-,-,-,-,-,-
solo_distribuidor,almacenamiento,almacenamiento|WD|500GB|500GB|GREEN|SN350,DISCOS SSD,118363,WDS500G2G0C,DISCO SSD M.2 500GB WD GREEN SN350 NVME,WD                                                ,138035.41,8.0,-,-,-,-,-,-,-,-,-,-,-
solo_distribuidor,almacenamiento,almacenamiento|ADATA|256GB|SU650|256GB,DISCOS SSD,115239,ASU650SS-256GT-R,DISCO SSD ADATA SU650 2.5 256GB,ADATA,84787.89,10.0,-,-,-,-,-,-,-,-,-,-,-
solo_distribuidor,almacenamiento,almacenamiento|WD|1000GB|1000GB|SN5100,DISCOS SSD,122761,WDS100T5B0E,DISCO SSD 1TB M.2 WD BLUE SN5100 NVME,WD                                                ,269374.25,10.0,-,-,-,-,-,-,-,-,-,-,-
solo_distribuidor,almacenamiento,almacenamiento|SANDISK|1000GB|1000GB|G28,DISCOS SSD,121680,SDSSDA-1T00-G28,DISCO SSD SATA 1TB SANDISK PLUS G28,SANDISK,291092.74,10.0,-,-,-,-,-,-,-,-,-,-,-
solo_distribuidor,almacenamiento,almacenamiento|WD|2000GB|2000GB|SN7100,DISCOS SSD,121681,WDS200T4X0E,DISCO SSD M.2 2TB WD BLACK SN7100 NVME,WD                                                ,592280.71,10.0,-,-,-,-,-,-,-,-,-,-,-
solo_distribuidor,almacenamiento,almacenamiento|WD|500GB|500GB|GREEN|SN3000,DISCOS SSD,121557,WDS500G4G0E,DISCO SSD M.2 500GB WD GREEN SN3000 NVME,WD                                                ,144325.4,10.0,-,-,-,-,-,-,-,-,-,-,-
solo_distribuidor,almacenamiento,almacenamiento|WD|1000GB|1000GB|GREEN|SN3000,DISCOS SSD,121558,WDS100T4G0E,DISCO SSD M.2 1TB WD GREEN SN3000 NVME,WD                                                ,251470.76,10.0,-,-,-,-,-,-,-,-,-,-,-
solo_distribuidor,almacenamiento,almacenamiento|SANDISK|2000GB|EXTERNO|2000GB|PORTABLE|800MBPS,DISCOS SSD,122555,SDSSDE30-2T00-G26,SSD EXTERNO 2TB SANDISK PORTABLE USB-C 3.2 800Mbps,SANDISK,418968.98,4.0,-,-,-,-,-,-,-,-,-,-,-
solo_distribuidor,almacenamiento,almacenamiento|PATRIOT|512GB|P320|SOLID|512GB|PE000997,DISCOS SSD,121673,P320P512GM28,DISCO SSD PATRIOT P320 SOLID 512GB M.2 PE000997,PATRIOT                                           ,171585.0,10.0,-,-,-,-,-,-,-,-,-,-,-
solo_distribuidor,almacenamiento,almacenamiento|WD|500GB|500GB|SN7100,DISCOS SSD,121067,WDS500G4X0E,DISCO SSD M.2 500GB WD BLACK SN7100 NVME,WD                                                ,185259.98,10.0,-,-,-,-,-,-,-,-,-,-,-
solo_distribuidor,almacenamiento,almacenamiento|SANDISK|256GB|PEN|DRIVE|256GB|ULTRA|LUXE,DISCOS SSD,122553,SDCZ74-256G-G46,PEN DRIVE 256GB SANDISK ULTRA LUXE USB 3.2,SANDISK,71812.35,10.0,-,-,-,-,-,-,-,-,-,-,-
solo_distribuidor,almacenamiento,almacenamiento|WD|1000GB|1000GB|SA510,DISCOS SSD,122552,WDS100T3B0A,DISCO SSD SATA 1TB WD BLUE SA510,WD                                                ,293278.95,10.0,-,-,-,-,-,-,-,-,-,-,-
solo_distribuidor,almacenamiento,almacenamiento|TOSHIBA|20000GB|HDD|20000GB|N300|NAS|CMR,DISCOS SSD,122550,HDWG82AXZSTA,HDD 20TB TOSHIBA N300 NAS CMR 7200RPM 1024MB,TOSHIBA                                           ,709047.34,5.0,-,-,-,-,-,-,-,-,-,-,-
solo_distribuidor,almacenamiento,almacenamiento|NETAC||SA500|SATA3|960,DISCOS SSD,119117,NT01SA500-960-S3X,DISCO SSD NETAC SA500 2.5 SATA3 960 GB,NETAC ,221656.81,10.0,-,-,-,-,-,-,-,-,-,-,-
solo_distribuidor,almacenamiento,almacenamiento|WD|1000GB|1000GB|GREEN|SN350,DISCOS SSD,118985,WDS100T2G0C,DISCO SSD M.2 1TB WD GREEN SN350 NVME,WD                                                ,230094.28,10.0,-,-,-,-,-,-,-,-,-,-,-
solo_distribuidor,almacenamiento,almacenamiento|WD|1000GB|1000GB|SN850X,DISCOS SSD,117807,WDS100T2XHE,DISCO SSD M.2 1TB WD BLACK SN850X NVME HEATSINK,WD                                                ,300743.3,10.0,-,-,-,-,-,-,-,-,-,-,-
solo_distribuidor,fuentes,fuentes|EVGA|500W|80 PLUS|500W|W2|80,FUENTES,108587,100-W2-0500,FUENTE GAMER EVGA 500W W2 80 PLUS,EVGA                                              ,93502.42,10.0,-,-,-,-,-,-,-,-,-,-,-
solo_distribuidor,fuentes,fuentes|EVGA|750W||750W|SUPERNOVA|GOLD|MODULAR,FUENTES,108961,220-GA-0750,FUENTE GAMER EVGA 750W SUPERNOVA GOLD MODULAR,EVGA                                              ,258099.53,1.0,-,-,-,-,-,-,-,-,-,-,-
solo_distribuidor,fuentes,fuentes|GIGABYTE|550W|80 PLUS|550W|80|SILVER,FUENTES,119726,GP-P550SS,FUENTE GAMER GIGABYTE 550W 80 PLUS SILVER ATX 3.0,GIGABYTE                                          ,60219.43,10.0,-,-,-,-,-,-,-,-,-,-,-
solo_distribuidor,fuentes,fuentes|THERMALTAKE|650W|80 PLUS BRONZE|SMART|BX3|650W|80|BRONZE,FUENTES,120006,PS-SPD-0650NNFABG-3,FUENTE GAMER THERMALTAKE SMART BX3 650W 80 PLUS BRONZE,THERMALTAKE,91454.05,10.0,-,-,-,-,-,-,-,-,-,-,-
solo_distribuidor,fuentes,fuentes|THERMALTAKE|700W|80 PLUS WHITE|SMART|700W|80,FUENTES,120007,PS-SPD-0700NPCWAG-W,FUENTE THERMALTAKE SMART 700W 80 PLUS WHITE,THERMALTAKE,81460.81,10.0,-,-,-,-,-,-,-,-,-,-,-
solo_distribuidor,fuentes,fuentes|THERMALTAKE|750W|80 PLUS BRONZE|SMART|BX3|750W|80|BRONZE,FUENTES,120008,PS-SPD-0750NNFABG-3,FUENTE GAMER THERMALTAKE SMART BX3 750W 80 PLUS BRONZE,THERMALTAKE,102610.12,10.0,-,-,-,-,-,-,-,-,-,-,-
solo_distribuidor,fuentes,fuentes|GIGABYTE|550W|80 PLUS|550W|ICE|80|SILVER,FUENTES,119727,GP-P550SS ICE,FUENTE GAMER GIGABYTE 550W ICE 80 PLUS SILVER ATX 3.0 WHITE,GIGABYTE                                          ,60883.27,10.0,-,-,-,-,-,-,-,-,-,-,-
solo_distribuidor,fuentes,fuentes|GIGABYTE|650W|80 PLUS|650W|ICE|80|SILVER,FUENTES,119729,GP-P650SS ICE,FUENTE GAMER GIGABYTE 650W ICE 80 PLUS SILVER ATX 3.0 WHITE,GIGABYTE                                          ,70698.39,10.0,-,-,-,-,-,-,-,-,-,-,-
solo_distribuidor,fuentes,fuentes|GIGABYTE|650W|80 PLUS|650W|80|SILVER,FUENTES,119728,GP-P650SS,FUENTE GAMER GIGABYTE 650W 80 PLUS SILVER ATX 3.0,GIGABYTE                                          ,68754.47,10.0,-,-,-,-,-,-,-,-,-,-,-
solo_distribuidor,fuentes,fuentes|AUREOX|550W||550W|BRONZE|80|PSU,FUENTES,104832,ARXGU-80PBZ-550W,FUENTE GAMER AUREOX 550W BRONZE 80+PSU,AUREOX,47782.42,10.0,-,-,-,-,-,-,-,-,-,-,-
solo_distribuidor,fuentes,fuentes|GIGABYTE|750W|80 PLUS|750W|PG5|80|MODULAR|GOLD,FUENTES,119259,GP-UD750GM PG5,FUENTE GAMER GIGABYTE 750W PG5 80 PLUS MODULAR GOLD,GIGABYTE                                          ,129201.5,9.0,-,-,-,-,-,-,-,-,-,-,-
solo_distribuidor,fuentes,fuentes|AUREOX|500W||500W|ARXGP|500,FUENTES,104830,ARXGP-500W,FUENTE AUREOX 500W ARXGP 500,AUREOX,32651.26,10.0,-,-,-,-,-,-,-,-,-,-,-
solo_distribuidor,fuentes,fuentes|AUREOX|500W||500W|ARXE|500,FUENTES,104829,ARXE-500,FUENTE AUREOX 500W ARXE-500,AUREOX,19954.75,10.0,-,-,-,-,-,-,-,-,-,-,-
solo_distribuidor,fuentes,fuentes|AUREOX|650W||650W|BRONZE|80|PSU,FUENTES,104833,ARXGU-80PBZ-650W,FUENTE GAMER AUREOX 650W BRONZE 80+PSU,AUREOX,52152.36,10.0,-,-,-,-,-,-,-,-,-,-,-
solo_distribuidor,fuentes,fuentes|AUREOX|600W||600W|PSU|ARXGP|600,FUENTES,104831,ARXGP-600W,FUENTE GAMER AUREOX 600W PSU ARXGP-600,AUREOX,34286.54,10.0,-,-,-,-,-,-,-,-,-,-,-
solo_distribuidor,fuentes,fuentes|EVGA|850W||850W|SUPERNOVA|GOLD|MODULAR,FUENTES,104814,220-GA-0850,FUENTE GAMER EVGA 850W SUPERNOVA GOLD MODULAR,EVGA                                              ,296933.95,2.0,-,-,-,-,-,-,-,-,-,-,-
solo_distribuidor,fuentes,fuentes|SFX|500W||500W|20,FUENTES,2936,SFX_500,FUENTE SFX 500W 20+4 SATA,SFX                                               ,16083.8,10.0,-,-,-,-,-,-,-,-,-,-,-
solo_distribuidor,fuentes,fuentes|GIGABYTE|850W||850W|PG5|AORUS|ELITE|PLATINUM,FUENTES,120807,GP--AE850PM PG5,FUENTE GAMER GIGABYTE 850W PG5 AORUS ELITE PLATINUM MODULAR ATX3.1,GIGABYTE                                          ,202885.6,7.0,-,-,-,-,-,-,-,-,-,-,-
solo_distribuidor,fuentes,fuentes|GIGABYTE|750W||750W|80|BRONZE,FUENTES,120808,GP-P750BS,FUENTE GAMER GIGABYTE 750W 80 BRONZE,GIGABYTE                                          ,92335.14,1.0,-,-,-,-,-,-,-,-,-,-,-
solo_distribuidor,fuentes,fuentes|THERMALTAKE|750W|80 PLUS GOLD|TP|GT|750W|ANALOG|80,FUENTES,120549,TPD-750AH2FXG-3,FUENTE GAMER THERMALTAKE TP GT 750W ANALOG 80 PLUS GOLD,THERMALTAKE,131992.03,6.0,-,-,-,-,-,-,-,-,-,-,-
solo_distribuidor,fuentes,fuentes|THERMALTAKE|1200W|80 PLUS GOLD|TP|GF|A3|1200W|ANALOG,FUENTES,120548,TTP-1200AH2FKG,FUENTE GAMER THERMALTAKE TP GF A3 1200W ANALOG 80 PLUS GOLD FULL MODULAR,THERMALTAKE,248918.94,10.0,-,-,-,-,-,-,-,-,-,-,-
solo_distribuidor,fuentes,fuentes|THERMALTAKE|1050W|80 PLUS GOLD|TP|GF|A3|1050W|ANALOG,FUENTES,120547,TTP-1050AH2FKG,FUENTE GAMER THERMALTAKE TP GF A3 1050W ANALOG 80 PLUS GOLD FULL MODULAR,THERMALTAKE,217314.12,10.0,-,-,-,-,-,-,-,-,-,-,-
solo_distribuidor,fuentes,fuentes|GIGABYTE|650W|80 PLUS GOLD|650W|80|GOLD,FUENTES,121640,GP-P650G,FUENTE GAMER GIGABYTE 650W 80 PLUS GOLD,GIGABYTE                                          ,75585.6,10.0,-,-,-,-,-,-,-,-,-,-,-
solo_distribuidor,fuentes,fuentes|THERMALTAKE|600W||TR2|600W,FUENTES,101260,TR2-600NL2NC,FUENTE GAMER THERMALTAKE TR2 600W,THERMALTAKE,53542.62,10.0,-,-,-,-,-,-,-,-,-,-,-
solo_distribuidor,fuentes,fuentes|THERMALTAKE|500W||TR2|500W,FUENTES,101266,TR2-500NL2NC,FUENTE GAMER THERMALTAKE TR2 500W,THERMALTAKE,48828.17,10.0,-,-,-,-,-,-,-,-,-,-,-
solo_distribuidor,fuentes,fuentes|GIGABYTE|650W|80 PLUS GOLD|650W|80|GOLD|PG5,FUENTES,122602,GP-P650G PG5,FUENTE GAMER GIGABYTE 650W 80 PLUS GOLD PG5,GIGABYTE                                          ,78067.14,10.0,-,-,-,-,-,-,-,-,-,-,-
solo_distribuidor,fuentes,fuentes|THERMALTAKE|750W|80 PLUS GOLD|TP|GT|750W|ANALOG|80,FUENTES,121283,TPD-750AH2FXG-3 W,FUENTE GAMER THERMALTAKE TP GT 750W ANALOG 80 PLUS GOLD WHITE,THERMALTAKE,136424.04,10.0,-,-,-,-,-,-,-,-,-,-,-
solo_distribuidor,fuentes,fuentes|RAIDMAX|550W||550W|XTB,FUENTES,121484,RX-550XTB,FUENTE GAMER 550W RAIDMAX XTB,RAIDMAX,36424.78,10.0,-,-,-,-,-,-,-,-,-,-,-
solo_distribuidor,fuentes,fuentes|RAIDMAX|650W||650W|XTB,FUENTES,121485,RX-650XTB,FUENTE GAMER 650W RAIDMAX XTB,RAIDMAX,43126.94,10.0,-,-,-,-,-,-,-,-,-,-,-
solo_distribuidor,fuentes,fuentes|RAIDMAX|600W|80 PLUS BRONZE|600W|VORTEX|80|BRONZE,FUENTES,121488,RX-600AFV,FUENTE 600W RAIDMAX VORTEX 80 PLUS BRONZE GAMER,RAIDMAX,59055.56,10.0,-,-,-,-,-,-,-,-,-,-,-
solo_distribuidor,fuentes,fuentes|RAIDMAX|700W|80 PLUS BRONZE|700W|VORTEX|80|BRONZE,FUENTES,121489,RX-700ACV,FUENTE 700W RAIDMAX VORTEX 80 PLUS BRONZE GAMER,RAIDMAX,65327.52,10.0,-,-,-,-,-,-,-,-,-,-,-
solo_distribuidor,fuentes,fuentes|RAIDMAX|600W|80 PLUS WHITE|600W|VORTEX|80,FUENTES,121486,RX-600ACV,FUENTE 600W RAIDMAX VORTEX 80 PLUS WHITE GAMER,RAIDMAX,47740.17,10.0,-,-,-,-,-,-,-,-,-,-,-
solo_distribuidor,fuentes,fuentes|RAIDMAX|800W|80 PLUS WHITE|800W|VORTEX|80,FUENTES,121487,RX-800ACV,FUENTE 800W RAIDMAX VORTEX 80 PLUS WHITE GAMER,RAIDMAX,64077.44,10.0,-,-,-,-,-,-,-,-,-,-,-
solo_distribuidor,fuentes,fuentes|GIGABYTE|850W||850W|PG5|PSU,FUENTES,118490,GP-UD850GM PG5,FUENTE GAMER GIGABYTE 850W PG5/PSU,GIGABYTE                                          ,163344.41,10.0,-,-,-,-,-,-,-,-,-,-,-
solo_distribuidor,fuentes,fuentes|EVGA|500W||500W|BR|80|BRONZE,FUENTES,103777,100-BR-0500,FUENTE GAMER EVGA 500W BR 80 BRONZE,EVGA                                              ,106172.76,10.0,-,-,-,-,-,-,-,-,-,-,-
solo_distribuidor,fuentes,fuentes|COOLERMASTER|850W||MASTER|SILENT|EDGE|PLATINUM|850W,FUENTES,121454,MPS-8501-AZAP-NBAR,FUENTE COOLER MASTER X SILENT EDGE PLATINUM 850W (Full Modular),COOLER MASTER,419235.52,3.0,-,-,-,-,-,-,-,-,-,-,-
solo_distribuidor,fuentes,fuentes|COOLERMASTER|850W||MASTER|MWE|GOLD|850W|V3,FUENTES,121451,MPE-8506-ACAG,FUENTE COOLER MASTER MWE GOLD 850W V3 NM FR (No Modular),COOLER MASTER,113761.19,10.0,-,-,-,-,-,-,-,-,-,-,-
solo_distribuidor,fuentes,fuentes|COOLERMASTER|650W||MASTER|MWE|GOLD|650W|V3,FUENTES,121449,MPE-6502-ACAAG,FUENTE COOLER MASTER MWE GOLD 650W V3 NM FR (No Modular),COOLER MASTER,78249.57,10.0,-,-,-,-,-,-,-,-,-,-,-
solo_distribuidor,fuentes,fuentes|COOLERMASTER|1000W||MASTER|ELITE|GOLD|1000W|FM,FUENTES,121452,MPW-A001-AFAG,FUENTE COOLER MASTER ELITE GOLD 1000W FM (Full Modular),COOLER MASTER,172308.44,10.0,-,-,-,-,-,-,-,-,-,-,-
solo_distribuidor,fuentes,fuentes|COOLERMASTER|1200W||MASTER|ELITE|GOLD|1200W|FM,FUENTES,121453,MPW-C001-AFAG,FUENTE COOLER MASTER ELITE GOLD 1200W FM (Full Modular),COOLER MASTER,197399.9,10.0,-,-,-,-,-,-,-,-,-,-,-
solo_distribuidor,fuentes,fuentes|GIGABYTE|1000W|80 PLUS GOLD|1000W|PG5|V2|80|GOLD,FUENTES,122705,GP-UD1000GM PG5 V2,FUENTE GAMER GIGABYTE 1000W PG5 V2 80 PLUS GOLD FULL MODULAR,GIGABYTE                                          ,166077.35,10.0,-,-,-,-,-,-,-,-,-,-,-
solo_distribuidor,fuentes,fuentes|ASUS|1000W|80 PLUS GOLD|TUF|1000W|EDITION|80|GOLD,FUENTES,121660,TUF GAMING 1000G WHITE,FUENTE ASUS TUF GAMING 1000W WHITE EDITION ATX 3.1 PCIE 5 80 PLUS GOLD,ASUS,250413.52,8.0,-,-,-,-,-,-,-,-,-,-,-
solo_distribuidor,memorias,memorias|32GB|DDR5|6000|CL36,MEMORIAS,121676,VEU532G6036,MEMORIA PATRIOT DDR5 VIPER ELITE 5 ULTRA DDR5 32GB CL36 6000MTS BLACK HS PE001179,PATRIOT                                           ,812529.17,6.0,-,-,-,-,-,-,-,-,-,-,-
solo_distribuidor,memorias,memorias|32GB|DDR5||CL36,MEMORIAS,121677,VEUR532G6036K,MEMORIA PATRIOT DDR5 VIPER ELITE 5 ULTRA RGB DDR5 32GB CL36 BLACK HS KIT PE001162,PATRIOT                                           ,976088.62,7.0,-,-,-,-,-,-,-,-,-,-,-
solo_distribuidor,memorias,memorias|16GB|DDR5|6000|CL38,MEMORIAS,121156,NTSWD5P60SP-16W,MEMORIA NETAC SHADOW II DDR5 6000 16GB C38 WHITE,NETAC ,367056.42,10.0,-,-,-,-,-,-,-,-,-,-,-
solo_distribuidor,memorias,memorias|16GB|DDR5|6000|CL38,MEMORIAS,121155,NTSWD5P60SP-16K,MEMORIA NETAC SHADOW II DDR5 6000 16GB C38 BLACK,NETAC ,367056.42,10.0,-,-,-,-,-,-,-,-,-,-,-
solo_distribuidor,memorias,memorias|16GB|DDR5|6000|CL48,MEMORIAS,121573,AX5U6000C4816G-SLABRBK,MEMORIA XPG DDR5 RGB 16GB C48 6000 BLACK,ADATA,384332.11,4.0,-,-,-,-,-,-,-,-,-,-,-
solo_distribuidor,memorias,memorias|16GB|DDR5|6000|CL38,MEMORIAS,122621,NTSHD5P60SP-16KC,MEMORIA NETAC SHADOW III DDR5 6000 16GB C38 BLACK,NETAC ,366122.99,10.0,-,-,-,-,-,-,-,-,-,-,-
solo_distribuidor,memorias,memorias|16GB|DDR4|3200|CL16,MEMORIAS,122622,NTSHD4P32SP-16K,MEMORIA NETAC SHADOW III DDR4 3200 16GB C16 BLACK,NETAC ,231408.78,10.0,-,-,-,-,-,-,-,-,-,-,-
solo_distribuidor,memorias,memorias|8GB|DDR4|3200|CL16,MEMORIAS,122623,NTSHD4P32SP-08K,MEMORIA NETAC SHADOW III DDR4 3200 8GB C16 BLACK,NETAC ,119949.89,10.0,-,-,-,-,-,-,-,-,-,-,-
solo_distribuidor,memorias,memorias|16GB|DDR4|3200|CL16,MEMORIAS,122624,NTSHD4P32SP-16W,MEMORIA NETAC SHADOW III DDR4 3200 16GB C16 WHITE,NETAC ,231408.78,10.0,-,-,-,-,-,-,-,-,-,-,-
solo_distribuidor,memorias,memorias|8GB|DDR4|3200|CL16,MEMORIAS,122625,NTSHD4P32SP-08W,MEMORIA NETAC SHADOW III DDR4 3200 8GB C16 WHITE,NETAC ,119949.89,10.0,-,-,-,-,-,-,-,-,-,-,-
solo_distribuidor,memorias,memorias|16GB|DDR5|6000|CL36,MEMORIAS,121678,VEUR516G6036,MEMORIA PATRIOT DDR5 VIPER ELITE 5 ULTRA RGB DDR5 16GB 6000Mhz CL36 BLACK HS PE001173,PATRIOT                                           ,488020.38,10.0,-,-,-,-,-,-,-,-,-,-,-
solo_distribuidor,memorias,memorias|32GB|DDR4|3200|,MEMORIAS,117831,AD4S320032G22-SGN,MEMORIA ADATA SODIMM DDR4 32GB 3200 G22 SGN,ADATA,501437.76,10.0,-,-,-,-,-,-,-,-,-,-,-
solo_distribuidor,memorias,memorias|16GB|DDR4|3200|,MEMORIAS,118295,AD4S320016G22-SGN,MEMORIA ADATA SODIMM DDR4 16GB 3200 G22 SGN,ADATA,231655.68,10.0,-,-,-,-,-,-,-,-,-,-,-
solo_distribuidor,memorias,memorias||DDR4|3600|,MEMORIAS,104291,F4-3600C18D-16GTRG,MEMORIA GSKILL TRIDENT Z ROYAL DDR4 16 GB 3600 RGB GOLD 2X8 1.35,G.SKILL                                           ,321859.33,10.0,-,-,-,-,-,-,-,-,-,-,-
solo_distribuidor,memorias,memorias|32GB|DDR5||CL32,MEMORIAS,120637,PVX532G70C32K,MEMORIA PATRIOT VIPER XTREME 5 DDR5 32GB 7000MT/S CL32 BLK HS DUAL KIT PE001039,PATRIOT                                           ,1335014.31,10.0,-,-,-,-,-,-,-,-,-,-,-
solo_distribuidor,memorias,memorias|16GB|DDR4|3200|CL18,MEMORIAS,116344,PVE2416G320C8,MEMORIA PATRIOT DDR4 VIPER ELITE 2 16GB 3200 MHZ CL18 RED/BLK PE000829,PATRIOT                                           ,268566.78,10.0,-,-,-,-,-,-,-,-,-,-,-
solo_distribuidor,memorias,memorias|8GB|DDR4|3200|CL18,MEMORIAS,116345,PVE248G320C8,MEMORIA PATRIOT DDR4 VIPER ELITE 2 8GB 3200 MHZ CL18 RED/BLK PE000830,PATRIOT                                           ,134244.34,2.0,-,-,-,-,-,-,-,-,-,-,-
solo_distribuidor,memorias,memorias|8GB|DDR4|3200|CL16,MEMORIAS,116370,NTSDD4P32SP-08R,MEMORIA NETAC SHADOW DDR4 3200 8GB C16 RED,NETAC ,124356.01,4.0,-,-,-,-,-,-,-,-,-,-,-
solo_distribuidor,memorias,memorias|8GB|DDR4|3200|CL16,MEMORIAS,116373,NTSDD4P32SP-08B,MEMORIA NETAC SHADOW DDR4 3200 8GB C16 BLUE,NETAC ,124356.01,5.0,-,-,-,-,-,-,-,-,-,-,-
solo_distribuidor,memorias,memorias|8GB|DDR4|3200|CL16,MEMORIAS,116376,NTSDD4P32SP-08Y,MEMORIA NETAC SHADOW DDR4 3200 8GB C16 GOLD YELLOW,NETAC ,124356.01,4.0,-,-,-,-,-,-,-,-,-,-,-
solo_distribuidor,memorias,memorias|8GB|DDR4|3200|CL16,MEMORIAS,116794,NTBSD4P32SP-08,MEMORIA NETAC BASIC DDR4 DIMM 8GB 3200 C16,NETAC ,121513.18,4.0,-,-,-,-,-,-,-,-,-,-,-
solo_distribuidor,memorias,memorias|16GB|DDR4|3200|,MEMORIAS,117832,AD4U320016G22-SGN,MEMORIA ADATA DDR4 16GB 3200 G22 SGN,ADATA,231843.06,10.0,-,-,-,-,-,-,-,-,-,-,-
solo_distribuidor,memorias,memorias||DDR4|3200|,MEMORIAS,117957,PSD416G32002S,MEMORIA PATRIOT SIGNATURE LINE SODIMM DDR4 16 GB 3200 MHZ PS001570,PATRIOT                                           ,220554.89,10.0,-,-,-,-,-,-,-,-,-,-,-
solo_distribuidor,memorias,memorias|16GB|DDR4|3200|,MEMORIAS,118301,AX4U320016G16A-SBKD35,MEMORIA XPG 16GB 16A DDR4 3200 D35,ADATA,238053.54,1.0,-,-,-,-,-,-,-,-,-,-,-
solo_distribuidor,memorias,memorias|32GB|DDR5|6000|CL42,MEMORIAS,118928,PVER532G60C42W,MEMORIA PATRIOT DDR5 VIPER ELITE 5 32GB 6000 MHZ RGB CL42 WHITE SINGLE PE000940,PATRIOT                                           ,789550.67,10.0,-,-,-,-,-,-,-,-,-,-,-
solo_distribuidor,memorias,memorias|16GB|DDR5|4800|CL40,MEMORIAS,119121,NTSWD5P48SP-16W,MEMORIA NETAC SHADOW II DDR5 4800 16GB C40 WHITE,NETAC ,344380.88,10.0,-,-,-,-,-,-,-,-,-,-,-
solo_distribuidor,memorias,memorias|16GB|DDR4|3200|,MEMORIAS,119127,AX4U320016G16A-SBKD35G,MEMORIA XPG 16GB 18I DDR4 3200 RGB,ADATA,247948.33,10.0,-,-,-,-,-,-,-,-,-,-,-
solo_distribuidor,monitores,monitores|LG|19||19|HD|20U401A,MONITORES,120825,20U401A-B,"MONITOR LG LED 19,5 HDMI HD 20U401A-B",LG                                                ,151744.56,5.0,-,-,-,-,-,-,-,-,-,-,-
solo_distribuidor,monitores,monitores|ASUS|27|180HZ|27|AS|VG279Q3A|FHD|IPS|180HZ,MONITORES,119804,VG279Q3A-J,MONITOR 27 ASUS AS VG279Q3A GAMING FHD IPS 180Hz 1ms,ASUS,253693.99,5.0,-,-,-,-,-,-,-,-,-,-,-
solo_distribuidor,monitores,monitores|ASUS|27|100HZ|27|AS|VA27EHF|FHD|IPS|100HZ,MONITORES,119803,VA27EHF-J,MONITOR 27 ASUS AS VA27EHF FHD IPS 100Hz 1ms,ASUS,188082.39,5.0,-,-,-,-,-,-,-,-,-,-,-
solo_distribuidor,monitores,monitores|NOBLEX|22||22|FHD|VA|ANTIRREFLEJO|ADAPTATIVE|SM2200,MONITORES,120226,NXSM2200,MONITOR NOBLEX 22 FHD VA ANTIRREFLEJO ADAPTATIVE SM2200,NOBLEX,147324.28,1.0,-,-,-,-,-,-,-,-,-,-,-
solo_distribuidor,monitores,monitores|AOC|24||24|24G42E,MONITORES,120314,24G42E,AOC MONITOR LED 24 24G42E,AOC,326835.76,5.0,-,-,-,-,-,-,-,-,-,-,-
solo_distribuidor,monitores,monitores|NOBLEX|27||27|FHD|ANTIGLARE|NXSM2700,MONITORES,119987,NXSM2700,MONITOR NOBLEX 27 FHD ANTIGLARE NXSM2700,NOBLEX,188566.69,5.0,-,-,-,-,-,-,-,-,-,-,-
solo_distribuidor,monitores,monitores|ZOWIE|27|240HZ|27|XL2746K|TN|FHD|240HZ|ESCUDO,MONITORES,116297,9H.LKJLB.QBL,MONITOR 27 GAMER ZOWIE XL2746K LED TN FHD 240hz c/escudo Tecnología DyAc? Black eQualizer,ZOWIE,942224.14,5.0,-,-,-,-,-,-,-,-,-,-,-
solo_distribuidor,monitores,monitores|PHILIPS|27||27|MOD|272V8LA,MONITORES,117341,272V8LA/55,MONITOR PHILIPS LED 27 mod 272v8la,PHILIPS ,193304.6,1.0,-,-,-,-,-,-,-,-,-,-,-
solo_distribuidor,monitores,monitores|ZOWIE|24|144HZ|24|XL2411K|TN|FHD|144HZ|TECNOLOGIA,MONITORES,111421,9H.LJPLB.QBR,MONITOR 24 GAMER ZOWIE XL2411K LED TN FHD 144hz Tecnología DyAc Black eQualizer,ZOWIE,340113.56,5.0,-,-,-,-,-,-,-,-,-,-,-
solo_distribuidor,monitores,monitores|BENQ|27||27|GW2780|IPS|FHD|5MS|ALTAVOZ,MONITORES,116291,9H.LGELA.TPR,MONITOR 27 BENQ GW2780 LED IPS FHD 5ms Altavoz integrado,BENQ,190454.52,5.0,-,-,-,-,-,-,-,-,-,-,-
solo_distribuidor,monitores,monitores|ZOWIE|27|144HZ|27|XL2731|TN|FHD|144HZ|EQUALIZER,MONITORES,108651,9H.LHRLB.QPL,MONITOR 27 GAMER ZOWIE XL2731 LED TN FHD 144hz Black eQualizer,ZOWIE,402731.05,5.0,-,-,-,-,-,-,-,-,-,-,-
solo_distribuidor,monitores,monitores|ZOWIE|27|144HZ|27|XL2731|TN|FHD|144HZ|EQUALIZER,MONITORES,116296,9H.LKCLB.QBL,MONITOR 27 GAMER ZOWIE XL2731 LED TN FHD 144hz Black eQualizer,ZOWIE,402731.05,5.0,-,-,-,-,-,-,-,-,-,-,-
solo_distribuidor,monitores,monitores|ZOWIE|24|240HZ|24|XL2546K|TN|FHD|240HZ|ESCUDO,MONITORES,111420,9H.LJNLB.QBR,"MONITOR 24,5 GAMER ZOWIE XL2546K LED TN FHD 240hz c/escudo Tecnología DyAc Black eQualizer",ZOWIE,894039.4,5.0,-,-,-,-,-,-,-,-,-,-,-
solo_distribuidor,monitores,monitores|SOLARMAX|19||19|HD|SLIM|NEGRO,MONITORES,121712,SX19F6,MONITOR SOLARMAX 19.3 VGA/HD+ SLIM NEGRO,SolarMax,64826.71,5.0,-,-,-,-,-,-,-,-,-,-,-
solo_distribuidor,monitores,monitores|SOLARMAX|21||21|FULL|HD|NEGRO,MONITORES,121713,SX22F2,MONITOR SOLARMAX 21.5 FULL HD VGA/HDMI NEGRO,SolarMax,85724.16,5.0,-,-,-,-,-,-,-,-,-,-,-
solo_distribuidor,monitores,monitores|SOLARMAX|23||23|FULL|HD|NEGRO,MONITORES,121714,SX24F2,MONITOR SOLARMAX 23.6 FULL HD VGA/HDMI NEGRO,SolarMax,108660.39,5.0,-,-,-,-,-,-,-,-,-,-,-
solo_distribuidor,monitores,monitores|LG|24||24|BORDERLESS|24MS500,MONITORES,6451,24MS500,MONITOR LG LED 24 BORDERLESS 24MS500,LG                                                ,203159.99,5.0,-,-,-,-,-,-,-,-,-,-,-
solo_distribuidor,monitores,monitores|ASUS|24|100HZ|24|VA24EHF|FHD|IPS|100HZ|1MS,MONITORES,120317,VA24EHF-J,MONITOR 24 ASUS VA24EHF FHD IPS 100Hz 1ms,ASUS,137682.19,5.0,-,-,-,-,-,-,-,-,-,-,-
solo_distribuidor,monitores,monitores|BENQ|27|100HZ|27|GW2791|FHD|IPS|100HZ,MONITORES,120752,9H.LNFLJ.LBL,MONITOR 27 BENQ GW2791 FHD IPS 100hz,BENQ,189135.22,5.0,-,-,-,-,-,-,-,-,-,-,-
solo_distribuidor,monitores,monitores|BENQ|24|100HZ|24|GW2491|FHD|IPS|100HZ,MONITORES,120753,9H.LNELJ.LBL,MONITOR 24 BENQ GW2491 BLACK FHD IPS 100hz,BENQ,141165.99,5.0,-,-,-,-,-,-,-,-,-,-,-
solo_distribuidor,monitores,monitores|ASUS|27|180HZ|27|VG27AQL3A|QHD|180HZ|FAST|IPS,MONITORES,120416,VG27AQL3A-J,MONITOR 27 ASUS VG27AQL3A QHD 180HZ FAST IPS,ASUS,382734.34,3.0,-,-,-,-,-,-,-,-,-,-,-
solo_distribuidor,monitores,monitores|DAIHATSU|19||19|LM1900|HD,MONITORES,121163,LM1900,MONITOR DAIHATSU LED 19 LM1900 HD HDMI VGA BLACK,Daihatsu,106753.11,1.0,-,-,-,-,-,-,-,-,-,-,-
solo_distribuidor,monitores,monitores|GIGABYTE|26||26|OLED|MO27Q28G|SA,MONITORES,122603,MO27Q28G SA,MONITOR GAMER GIGABYTE 26.5 OLED MO27Q28G-SA,GIGABYTE                                          ,1238665.6,5.0,-,-,-,-,-,-,-,-,-,-,-
solo_distribuidor,monitores,monitores|SOLARMAX|23|100HZ|23|100HZ|FRAMELESS|CURVO|SLIM|FHD,MONITORES,122560,SX24C7,MONITOR SOLARMAX 23.8 100 HZ FRAMELESS CURVO SLIM FHD HDMI VGA,SolarMax,155800.53,5.0,-,-,-,-,-,-,-,-,-,-,-
solo_distribuidor,monitores,monitores|SOLARMAX|27|120HZ|27|120HZ|FRAMELESS|CURVO|FHD,MONITORES,122561,SX27C9,MONITOR SOLARMAX 27 120 HZ FRAMELESS CURVO FHD HDMI VGA,SolarMax,196170.35,5.0,-,-,-,-,-,-,-,-,-,-,-
solo_distribuidor,monitores,monitores|GIGABYTE|24|200HZ|24|GS25F2|200HZ,MONITORES,120360,GS25F2 SA,MONITOR GAMER GIGABYTE 24.5 GS25F2 200hz,GIGABYTE                                          ,194232.17,5.0,-,-,-,-,-,-,-,-,-,-,-
solo_distribuidor,monitores,monitores|GIGABYTE|27||27|GS27FA|SA,MONITORES,119448,GS27FA SA,MONITOR GAMER GIGABYTE 27 GS27FA-SA,GIGABYTE                                          ,235375.66,5.0,-,-,-,-,-,-,-,-,-,-,-
solo_distribuidor,monitores,monitores|HP|22||S3|22|FHD,MONITORES,121119,AK2F1UT,MONITOR HP S3 PRO 22 FHD,HP                                                ,166418.84,5.0,-,-,-,-,-,-,-,-,-,-,-
solo_distribuidor,monitores,monitores|SAMSUNG|22||22|D300,MONITORES,121145,LS22D300GALXZB,MONITOR SAMSUNG LED 22 D300,SAMSUNG,155258.02,5.0,-,-,-,-,-,-,-,-,-,-,-
solo_distribuidor,monitores,monitores|SAMSUNG|24||24|DG300|G3|PLANO,MONITORES,122598,LS24DG300ELXZB,MONITOR SAMSUNG LED 24 DG300 G3 GAMER PLANO,SAMSUNG,220367.7,5.0,-,-,-,-,-,-,-,-,-,-,-
solo_distribuidor,monitores,monitores|SAMSUNG|27||27|D300,MONITORES,121242,LS27D300GALXZB,MONITOR SAMSUNG LED 27 D300,SAMSUNG,196200.18,5.0,-,-,-,-,-,-,-,-,-,-,-
solo_distribuidor,monitores,monitores|SAMSUNG|24||24|D300|FULL|HD|100MHZ,MONITORES,121246,LS24D300GALXZB,MONITOR SAMSUNG 24 D300 FULL HD 100MHZ,SAMSUNG,170867.14,5.0,-,-,-,-,-,-,-,-,-,-,-
solo_distribuidor,monitores,monitores|ASUS|||ROG|STRIX|OLED|XG27AQDMG,MONITORES,122783,XG27AQDMG-J,Monitor gaming ROG Strix OLED XG27AQDMG,ASUS,1046379.73,5.0,-,-,-,-,-,-,-,-,-,-,-
solo_distribuidor,monitores,monitores|SOLARMAX|27|100HZ|27|100HZ|IPS|FRAMELESS|FHD,MONITORES,122559,SX27F7,MONITOR SOLARMAX 27 100 HZ IPS FRAMELESS FHD HDMI VGA,SolarMax,189257.63,5.0,-,-,-,-,-,-,-,-,-,-,-
solo_distribuidor,monitores,monitores|DELL|22||22|P2222H|DP,MONITORES,118373,P2222H,MONITOR DELL LED 22 P2222H HDMI DP VGA USB,DELL                                              ,407550.04,5.0,-,-,-,-,-,-,-,-,-,-,-
solo_distribuidor,monitores,monitores|AOC|24||PLANO|24|2490VX,MONITORES,117749,G2490VX,AOC MONITOR LED PLANO GAMER 24 2490VX,AOC,393430.07,1.0,-,-,-,-,-,-,-,-,-,-,-
solo_distribuidor,monitores,monitores|AOC|27||PLANO|27|2790VX,MONITORES,117748,G2790VX,AOC MONITOR LED PLANO GAMER 27 2790VX,AOC,452601.38,5.0,-,-,-,-,-,-,-,-,-,-,-
solo_distribuidor,mothers,mothers|ASROCK|H510||LGA1200|H510|BTC|MINERIA|EX6,MOTHER ASROCK,115272,H510 PROBTC+,MOTHER ASROCK (LGA1200) H510 PRO BTC+ MINERIA PCI-Ex6,ASROCK,225462.05,10.0,-,-,-,-,-,-,-,-,-,-,-
solo_distribuidor,mothers,mothers|ASROCK|B850M|AM5|AM5|B850M,MOTHER ASROCK,120766,B850M PRO-A WIFI,MOTHER ASROCK (AM5) B850M PRO-A WIFI,ASROCK,218652.43,9.0,-,-,-,-,-,-,-,-,-,-,-
solo_distribuidor,mothers,mothers|ASROCK|Z890M||LGA1851|Z890M|PHANTHOM|RIPTIDE,MOTHER ASROCK,119773,Z890M RIPTIDE WIFI,MOTHER ASROCK (LGA1851) Z890M PHANTHOM GAMING RIPTIDE WIFI,ASROCK,384281.41,10.0,-,-,-,-,-,-,-,-,-,-,-
solo_distribuidor,mothers,mothers|ASROCK|Z890||LGA1851|Z890,MOTHER ASROCK,119771,Z890 PRO-A,MOTHER ASROCK (LGA1851) Z890 PRO-A,ASROCK,277980.99,10.0,-,-,-,-,-,-,-,-,-,-,-
solo_distribuidor,mothers,mothers|ASROCK|Z890||LGA1851|Z890,MOTHER ASROCK,119772,Z890 PRO-A WIFI,MOTHER ASROCK (LGA1851) Z890 PRO-A WIFI,ASROCK,294696.11,10.0,-,-,-,-,-,-,-,-,-,-,-
solo_distribuidor,mothers,mothers|ASROCK|Z890||LGA1851|Z890|RS,MOTHER ASROCK,119777,Z890 PRO RS WIFI WHITE,MOTHER ASROCK (LGA1851) Z890 PRO RS WIFI WHITE,ASROCK,359455.71,10.0,-,-,-,-,-,-,-,-,-,-,-
solo_distribuidor,mothers,mothers|ASROCK|B860||LGA1851|B860|STEEL|LEGEND,MOTHER ASROCK,120128,B860 STEEL LEGEND WIFI,MOTHER ASROCK (LGA1851) B860 STEEL LEGEND WIFI,ASROCK,292850.96,6.0,-,-,-,-,-,-,-,-,-,-,-
solo_distribuidor,mothers,mothers|ASROCK|X870|AM5|AM5|X870|STEEL|LEGEND,MOTHER ASROCK,119754,X870 STEEL LEGEND WIFI,MOTHER ASROCK (AM5) X870 STEEL LEGEND WIFI,ASROCK,426578.51,5.0,-,-,-,-,-,-,-,-,-,-,-
solo_distribuidor,mothers,mothers|ASROCK|B850M|AM5|AM5|B850M,MOTHER ASROCK,120127,B850M-X,MOTHER ASROCK (AM5) B850M-X,ASROCK,189940.72,10.0,-,-,-,-,-,-,-,-,-,-,-
solo_distribuidor,mothers,mothers|ASROCK|A520M|AM4|AM4|A520M|HDV,MOTHER ASROCK,118112,A520M-HDV,MOTHER ASROCK (AM4) A520M-HDV,ASROCK,72275.29,10.0,-,-,-,-,-,-,-,-,-,-,-
solo_distribuidor,mothers,mothers|ASROCK|B650M|AM5|AM5|B650M|HDV,MOTHER ASROCK,118287,B650M-HDV/M.2,MOTHER ASROCK (AM5) B650M-HDV/M.2,ASROCK,222438.61,1.0,-,-,-,-,-,-,-,-,-,-,-
solo_distribuidor,mothers,mothers|ASROCK|B650M|AM5|AM5|B650M|PG|RIPTIDE,MOTHER ASROCK,118109,B650M PG RIPTIDE WIFI,MOTHER ASROCK (AM5) B650M PG RIPTIDE WIFI,ASROCK,328312.46,1.0,-,-,-,-,-,-,-,-,-,-,-
solo_distribuidor,mothers,mothers|ASROCK|A620M|AM5|AM5|A620M|HDV,MOTHER ASROCK,119769,A620M-HDV/M.2+,MOTHER ASROCK (AM5) A620M-HDV/M.2+,ASROCK,154458.75,10.0,-,-,-,-,-,-,-,-,-,-,-
solo_distribuidor,mothers,mothers|ASROCK|B550M|AM4|AM4|B550M|PHANTOM,MOTHER ASROCK,118814,B550M PHANTOM GAMING 4,MOTHER ASROCK (AM4) B550M PHANTOM GAMING 4,ASROCK,136315.29,10.0,-,-,-,-,-,-,-,-,-,-,-
solo_distribuidor,mothers,mothers|ASROCK|A620M|AM5|AM5|A620M|HDV,MOTHER ASROCK,118193,A620M-HDV/M.2,MOTHER ASROCK (AM5) A620M-HDV/M.2,ASROCK,140853.36,10.0,-,-,-,-,-,-,-,-,-,-,-
solo_distribuidor,mothers,mothers|ASROCK|A620M|AM5|AM5|A620M|R2|AX|BT,MOTHER ASROCK,119193,A620M-C R2.0 BULK,MOTHER ASROCK (AM5) A620M-C R2 WIFI-AX+BT (BULK),ASROCK,151644.26,10.0,-,-,-,-,-,-,-,-,-,-,-
solo_distribuidor,mothers,mothers|ASUS|A620M|AM5|AM5|PRIME|A620M,MOTHER ASUS,118982,PRIME A620M-K,MOTHER ASUS (AM5) PRIME A620M-K,ASUS,113927.27,10.0,-,-,-,-,-,-,-,-,-,-,-
solo_distribuidor,mothers,mothers|ASUS|B760M||LGA1700|PRIME|B760M|D4|CSM,MOTHER ASUS,119264,PRIME B760M-A D4-CSM,MOTHER ASUS (LGA1700) PRIME B760M-A D4 CSM,ASUS,156129.74,10.0,-,-,-,-,-,-,-,-,-,-,-
solo_distribuidor,mothers,mothers|ASUS|A520M|AM4|AM4|PRIME|A520M|CSM,MOTHER ASUS,119263,PRIME A520M-K/CSM,MOTHER ASUS (AM4) PRIME A520M-K CSM,ASUS,79026.02,10.0,-,-,-,-,-,-,-,-,-,-,-
solo_distribuidor,mothers,mothers|ASUS|X670E|AM5|AM5|ROG|CROSSHAIR|X670E|HERO,MOTHER ASUS,119145,ROG CROSSHAIR X670E HERO,MOTHER ASUS (AM5) ROG CROSSHAIR X670E HERO,ASUS,895922.26,3.0,-,-,-,-,-,-,-,-,-,-,-
solo_distribuidor,mothers,mothers|ASUS|B650E|AM5|AM5|ROG|STRIX|B650E,MOTHER ASUS,118494,ROG STRIX B650E-F GAMING WIFI,MOTHER ASUS (AM5) ROG STRIX B650E-F GAMING WIFI,ASUS,392872.09,10.0,-,-,-,-,-,-,-,-,-,-,-
solo_distribuidor,mothers,mothers|ASUS|A520M|AM4|AM4|PRIME|A520M,MOTHER ASUS,106820,PRIME A520M-K,MOTHER ASUS (AM4) PRIME A520M-K,ASUS,77474.07,10.0,-,-,-,-,-,-,-,-,-,-,-
solo_distribuidor,mothers,mothers|ASUS|X870|AM5|AM5|TUF|X870,MOTHER ASUS,119735,TUF GAMING X870-PLUS WIFI,MOTHER ASUS (AM5) TUF GAMING X870-PLUS WIFI,ASUS,474120.85,4.0,-,-,-,-,-,-,-,-,-,-,-
solo_distribuidor,mothers,mothers|ASUS|B850M|AM5|AM5|TUF|B850M,MOTHER ASUS,119902,TUF GAMING B850M-PLUS WIFI,MOTHER ASUS (AM5) TUF GAMING B850M-PLUS WIFI,ASUS,324853.01,10.0,-,-,-,-,-,-,-,-,-,-,-
solo_distribuidor,mothers,mothers|ASUS|B850|AM5|AM5|TUF|B850,MOTHER ASUS,120209,TUF GAMING B850-PLUS WIFI,MOTHER ASUS (AM5) TUF GAMING B850-PLUS WIFI,ASUS,354585.39,4.0,-,-,-,-,-,-,-,-,-,-,-
solo_distribuidor,mothers,mothers|ASUS|B840M|AM5|AM5|PRIME|B840M,MOTHER ASUS,120206,PRIME B840M-A,MOTHER ASUS (AM5) PRIME B840M-A,ASUS,178578.22,10.0,-,-,-,-,-,-,-,-,-,-,-
solo_distribuidor,mothers,mothers|ASUS|B840M|AM5|AM5|PRIME|B840M,MOTHER ASUS,120205,PRIME B840M-A WIFI,MOTHER ASUS (AM5) PRIME B840M-A  WIFI,ASUS,205373.61,10.0,-,-,-,-,-,-,-,-,-,-,-
solo_distribuidor,mothers,mothers|ASUS|B850|AM5|AM5|ROG|STRIX|B850,MOTHER ASUS,119908,ROG STRIX B850-E GAMING WIFI,MOTHER ASUS (AM5) ROG STRIX B850-E GAMING WIFI,ASUS,576975.67,10.0,-,-,-,-,-,-,-,-,-,-,-
solo_distribuidor,mothers,mothers|ASUS|Z890|1851|1851|TUF|Z890,MOTHER ASUS,119907,TUF GAMING Z890-PLUS WIFI,MOTHER ASUS (1851) TUF GAMING Z890-PLUS WIFI,ASUS,474834.47,2.0,-,-,-,-,-,-,-,-,-,-,-
solo_distribuidor,mothers,mothers|ASUS|X870|AM5|AM5|PRIME|X870,MOTHER ASUS,119734,PRIME X870-P WIFI,MOTHER ASUS (AM5) PRIME X870-P WIFI,ASUS,369808.55,5.0,-,-,-,-,-,-,-,-,-,-,-
solo_distribuidor,mothers,mothers|ASUS|B850|AM5|AM5|ROG|STRIX|B850,MOTHER ASUS,119906,ROG STRIX B850-F GAMING WIFI,MOTHER ASUS (AM5) ROG STRIX B850-F GAMING WIFI,ASUS,466589.73,10.0,-,-,-,-,-,-,-,-,-,-,-
solo_distribuidor,mothers,mothers|ASUS|B850|AM5|AM5|ROG|STRIX|B850,MOTHER ASUS,119905,ROG STRIX B850-A GAMING WIFI,MOTHER ASUS (AM5) ROG STRIX B850-A GAMING WIFI,ASUS,428483.81,10.0,-,-,-,-,-,-,-,-,-,-,-
solo_distribuidor,mothers,mothers|ASUS|B760M||LGA1700|PRIME|B760M,MOTHER ASUS,119899,PRIME B760M-A,MOTHER ASUS (LGA1700) PRIME B760M-A,ASUS,164842.77,4.0,-,-,-,-,-,-,-,-,-,-,-
solo_distribuidor,mothers,mothers|ASUS|B860M||LGA1851|PRIME|B860M,MOTHER ASUS,122668,PRIME B860M-K,MOTHER ASUS (LGA1851) PRIME B860M-K,ASUS,174576.78,10.0,-,-,-,-,-,-,-,-,-,-,-
solo_distribuidor,mothers,mothers|ASUS|B550M|AM4|AM4|PRIME|B550M,MOTHER ASUS,121686,PRIME B550M-K ARGB,MOTHER ASUS (AM4) PRIME B550M-K ARGB,ASUS,113927.27,10.0,-,-,-,-,-,-,-,-,-,-,-
solo_distribuidor,mothers,mothers|ASUS|H610M||LGA1700|PRIME|H610M|D4|R2,MOTHER ASUS,121657,PRIME H610M-F D4 R2.0,MOTHER ASUS (LGA1700) PRIME H610M-F D4 R2.0,ASUS,93734.28,10.0,-,-,-,-,-,-,-,-,-,-,-
solo_distribuidor,mothers,mothers|ASUS|B850M|AM5|AM5|PRIME|B850M,MOTHER ASUS,121654,PRIME B850M-K,MOTHER ASUS (AM5) PRIME B850M-K,ASUS,205373.61,6.0,-,-,-,-,-,-,-,-,-,-,-
solo_distribuidor,mothers,mothers|ASUS|AM5|PRIME|B650EM,MOTHER ASUS,121302,PRIME B650EM-A WIFI,MOTHER ASUS (AM5) PRIME B650EM-A WIFI,ASUS,210818.35,10.0,-,-,-,-,-,-,-,-,-,-,-
solo_distribuidor,mothers,mothers|ASUS|B650M|AM5|AM5|PRIME|B650M|II,MOTHER ASUS,118258,PRIME B650M-A II,MOTHER ASUS (AM5) PRIME B650M-A II,ASUS,178245.03,6.0,-,-,-,-,-,-,-,-,-,-,-
solo_distribuidor,mothers,mothers|ASUS|B550M|AM4|AM4|TUF|B550M|WI|FI,MOTHER ASUS,118065,TUF GAMING B550M-PLUS (WI-FI) II,MOTHER ASUS (AM4) TUF GAMING B550M-PLUS WI-FI II,ASUS,229706.3,10.0,-,-,-,-,-,-,-,-,-,-,-
solo_distribuidor,mothers,mothers|ASUS|AM5|TUF|A620AM,MOTHER ASUS,122515,TUF GAMING A620AM-PLUS WIFI,MOTHER ASUS (AM5) TUF GAMING A620AM-PLUS WIFI,ASUS,188139.34,6.0,-,-,-,-,-,-,-,-,-,-,-
solo_distribuidor,mothers,mothers|ASUS|X870E|AM5|AM5|ROG|CROSSHAIR|X870E|DARK,MOTHER ASUS,122666,ROG CROSSHAIR X870E DARK HERO,MOTHER ASUS (AM5) ROG CROSSHAIR X870E DARK HERO,ASUS,1120966.72,4.0,-,-,-,-,-,-,-,-,-,-,-
solo_distribuidor,mothers,mothers|ASUS|Z890|1851|1851|Z890|AYW,MOTHER ASUS,122528,Z890 AYW GAMING WIFI W,MOTHER ASUS (1851) Z890 AYW GAMING WIFI,ASUS,344027.22,2.0,-,-,-,-,-,-,-,-,-,-,-
solo_distribuidor,mothers,mothers|ASUS|B860|1851|LGA|1851|TUF|B860,MOTHER ASUS,120211,TUF GAMING B860-PLUS WIFI,MOTHER ASUS (LGA 1851) TUF GAMING B860-PLUS WIFI,ASUS,330207.37,6.0,-,-,-,-,-,-,-,-,-,-,-
solo_distribuidor,mothers,mothers|ASUS|B850M|AM5|AM5|PRIME|B850M,MOTHER ASUS,121653,PRIME B850M-A WIFI,MOTHER ASUS (AM5) PRIME B850M-A WIFI,ASUS,248435.51,10.0,-,-,-,-,-,-,-,-,-,-,-
solo_distribuidor,mothers,mothers|ASUS|B850|AM5|AM5|TUF|B850,MOTHER ASUS,121655,TUF GAMING B850-E WIFI,MOTHER ASUS (AM5) TUF GAMING B850-E WIFI,ASUS,321588.81,10.0,-,-,-,-,-,-,-,-,-,-,-
solo_distribuidor,mothers,mothers|ASUS|B850M|AM5|AM5|B850M|AYW,MOTHER ASUS,121652,B850M AYW GAMING WIFI,MOTHER ASUS (AM5) B850M AYW GAMING WIFI,ASUS,236372.63,9.0,-,-,-,-,-,-,-,-,-,-,-
solo_distribuidor,mothers,mothers|ASUS|AM5|TUF|B650EM,MOTHER ASUS,121651,TUF GAMING B650EM-PLUS WIFI,MOTHER ASUS (AM5) TUF GAMING B650EM-PLUS WIFI,ASUS,293517.66,10.0,-,-,-,-,-,-,-,-,-,-,-
solo_distribuidor,mothers,mothers|GIGABYTE|A620M|AM5|AM5|A620M,MOTHER GIGABYTE,119026,A620M H,MOTHER GIGABYTE (AM5) A620M H,GIGABYTE                                          ,105520.82,10.0,-,-,-,-,-,-,-,-,-,-,-
solo_distribuidor,mothers,mothers|GIGABYTE|H610M||LGA1700|H610M|V2,MOTHER GIGABYTE,119257,H610M K V2,MOTHER GIGABYTE (LGA1700) H610M K V2,GIGABYTE                                          ,102088.61,10.0,-,-,-,-,-,-,-,-,-,-,-
solo_distribuidor,mothers,mothers|GIGABYTE|H810M|1851|LGA|1851|H810M|WIFI6,MOTHER GIGABYTE,121216,H810M GAMING WIFI6,MOTHER GIGABYTE (LGA 1851) H810M GAMING WIFI6,GIGABYTE                                          ,169685.37,10.0,-,-,-,-,-,-,-,-,-,-,-
solo_distribuidor,mothers,mothers|GIGABYTE|B860M|1851|LGA|1851|B860M,MOTHER GIGABYTE,121222,B860M D,MOTHER GIGABYTE (LGA 1851) B860M D,GIGABYTE                                          ,162474.85,10.0,-,-,-,-,-,-,-,-,-,-,-
solo_distribuidor,mothers,mothers|GIGABYTE|A520M|AM4|AM4|A520M|V2,MOTHER GIGABYTE,118172,A520M K V2,MOTHER GIGABYTE (AM4) A520M K V2,GIGABYTE                                          ,71389.72,10.0,-,-,-,-,-,-,-,-,-,-,-
solo_distribuidor,mothers,mothers|GIGABYTE|B650|AM5|AM5|B650|AORUS|ELITE|AX,MOTHER GIGABYTE,117987,B650 AORUS ELITE AX,MOTHER GIGABYTE (AM5) B650 AORUS ELITE AX,GIGABYTE                                          ,317385.19,2.0,-,-,-,-,-,-,-,-,-,-,-
solo_distribuidor,mothers,mothers|GIGABYTE|B760M||LGA1700|B760M|D2H,MOTHER GIGABYTE,122601,B760M D2H DDR4,MOTHER GIGABYTE (LGA1700) B760M D2H DDR4,GIGABYTE                                          ,143486.13,10.0,-,-,-,-,-,-,-,-,-,-,-
solo_distribuidor,mothers,mothers|GIGABYTE|A620M|AM5|AM5|A620M|DS3H,MOTHER GIGABYTE,120816,A620M DS3H,MOTHER GIGABYTE (AM5) A620M DS3H,GIGABYTE                                          ,150621.7,10.0,-,-,-,-,-,-,-,-,-,-,-
solo_distribuidor,mothers,mothers|GIGABYTE|B860M|1851|LGA|1851|B860M|WIFI6E,MOTHER GIGABYTE,120354,B860M GAMING X WIFI6E,MOTHER GIGABYTE (LGA 1851) B860M GAMING X WIFI6E,GIGABYTE                                          ,247317.53,10.0,-,-,-,-,-,-,-,-,-,-,-
solo_distribuidor,mothers,mothers|GIGABYTE|B860M|1851|LGA|1851|B860M|EAGLE|WIFI6,MOTHER GIGABYTE,120351,B860M EAGLE WIFI6,MOTHER GIGABYTE (LGA 1851) B860M EAGLE WIFI6,GIGABYTE                                          ,209394.26,10.0,-,-,-,-,-,-,-,-,-,-,-
solo_distribuidor,mothers,mothers|GIGABYTE|B860|1851|LGA|1851|B860|DS3H,MOTHER GIGABYTE,120331,B860 DS3H,MOTHER GIGABYTE (LGA 1851) B860 DS3H,GIGABYTE                                          ,227454.58,10.0,-,-,-,-,-,-,-,-,-,-,-
solo_distribuidor,mothers,mothers|GIGABYTE|B650I|AM5|AM5|B650I|AX,MOTHER GIGABYTE,120327,B650I AX,MOTHER GIGABYTE (AM5) B650I AX,GIGABYTE                                          ,270274.93,3.0,-,-,-,-,-,-,-,-,-,-,-
solo_distribuidor,mothers,mothers|GIGABYTE|B840M|AM5|AM5|B840M|DS3H,MOTHER GIGABYTE,120651,B840M DS3H,MOTHER GIGABYTE (AM5) B840M DS3H,GIGABYTE                                          ,178715.53,10.0,-,-,-,-,-,-,-,-,-,-,-
solo_distribuidor,mothers,mothers|GIGABYTE|B860M|1851|LGA|1851|B860M|DS3H|WIFI6E,MOTHER GIGABYTE,120658,B860M DS3H WIFI6E,MOTHER GIGABYTE (LGA 1851) B860M DS3H WIFI6E,GIGABYTE                                          ,225702.97,10.0,-,-,-,-,-,-,-,-,-,-,-
solo_distribuidor,mothers,mothers|GIGABYTE|B840M|AM5|AM5|B840M|AORUS|ELITE|WIFI6E,MOTHER GIGABYTE,120649,B840M A ELITE WIFI6E,MOTHER GIGABYTE (AM5) B840M AORUS ELITE WIFI6E,GIGABYTE                                          ,243525.2,10.0,-,-,-,-,-,-,-,-,-,-,-
solo_distribuidor,mothers,mothers|GIGABYTE|B850M|AM5|AM5|B850M|D3HP,MOTHER GIGABYTE,120648,B850M D3HP,MOTHER GIGABYTE (AM5) B850M D3HP,GIGABYTE                                          ,191350.95,10.0,-,-,-,-,-,-,-,-,-,-,-
solo_distribuidor,mothers,mothers|GIGABYTE|B860M|1851|LGA|1851|B860M,MOTHER GIGABYTE,120659,B860M E,MOTHER GIGABYTE (LGA 1851) B860M E,GIGABYTE                                          ,150842.78,10.0,-,-,-,-,-,-,-,-,-,-,-
solo_distribuidor,mothers,mothers|GIGABYTE|B840M|AM5|AM5|B840M|D2H,MOTHER GIGABYTE,120650,B840M D2H,MOTHER GIGABYTE (AM5) B840M D2H,GIGABYTE                                          ,146217.16,10.0,-,-,-,-,-,-,-,-,-,-,-
solo_distribuidor,mothers,mothers|GIGABYTE|Z890M||LGA1851|Z890M,MOTHER GIGABYTE,120261,Z890M GAMING X,MOTHER GIGABYTE (LGA1851) Z890M GAMING X,GIGABYTE                                          ,236333.58,10.0,-,-,-,-,-,-,-,-,-,-,-
solo_distribuidor,mothers,mothers|GIGABYTE|B760M||LGA1700|B760M,MOTHER GIGABYTE,120276,B760M G P WIFI DDR4,MOTHER GIGABYTE (LGA1700) B760M G P WIFI DDR4,GIGABYTE                                          ,174211.79,10.0,-,-,-,-,-,-,-,-,-,-,-
solo_distribuidor,mothers,mothers|GIGABYTE|Z890||LGA1851|Z890|UD,MOTHER GIGABYTE,120357,Z890 UD,MOTHER GIGABYTE (LGA1851) Z890 UD,GIGABYTE                                          ,265915.11,10.0,-,-,-,-,-,-,-,-,-,-,-
solo_distribuidor,mothers,mothers|GIGABYTE|B860|1851|LGA|1851|B860|DS3H|WIFI6E,MOTHER GIGABYTE,120332,B860 DS3H WIFI6E,MOTHER GIGABYTE (LGA 1851) B860 DS3H WIFI6E,GIGABYTE                                          ,242776.94,6.0,-,-,-,-,-,-,-,-,-,-,-
solo_distribuidor,mothers,mothers|GIGABYTE|B760M||LGA1700|B760M|D3HP,MOTHER GIGABYTE,119714,B760M D3HP DDR4,MOTHER GIGABYTE (LGA1700) B760M D3HP DDR4,GIGABYTE                                          ,139796.78,10.0,-,-,-,-,-,-,-,-,-,-,-
solo_distribuidor,mothers,mothers|GIGABYTE|X870|AM5|AM5|X870|WF6,MOTHER GIGABYTE,119718,X870 GAMING WF6,MOTHER GIGABYTE (AM5) X870 GAMING WF6,GIGABYTE                                          ,314099.9,2.0,-,-,-,-,-,-,-,-,-,-,-
solo_distribuidor,mothers,mothers|GIGABYTE|X870|AM5|AM5|X870|EAGLE|WIFI7,MOTHER GIGABYTE,119877,X870 EAGLE WIFI7,MOTHER GIGABYTE (AM5) X870 EAGLE WIFI7,GIGABYTE                                          ,332160.22,10.0,-,-,-,-,-,-,-,-,-,-,-
solo_distribuidor,mothers,mothers|GIGABYTE|X870|AM5|AM5|X870|WIFI7,MOTHER GIGABYTE,119719,X870 GAMING X WIFI7,MOTHER GIGABYTE (AM5) X870 GAMING X WIFI7,GIGABYTE                                          ,364641.58,10.0,-,-,-,-,-,-,-,-,-,-,-
solo_distribuidor,mothers,mothers|GIGABYTE|B650M|AM5|AM5|B650M|D3HP|AX,MOTHER GIGABYTE,119241,B650M D3HP AX,MOTHER GIGABYTE (AM5) B650M D3HP AX,GIGABYTE                                          ,191827.12,10.0,-,-,-,-,-,-,-,-,-,-,-
solo_distribuidor,mothers,mothers|GIGABYTE|B650|AM5|AM5|B650|AORUS|ELITE|AX,MOTHER GIGABYTE,119238,B650 A ELITE AX ICE,MOTHER GIGABYTE (AM5) B650 AORUS ELITE AX ICE,GIGABYTE                                          ,296013.75,2.0,-,-,-,-,-,-,-,-,-,-,-
solo_distribuidor,mothers,mothers|GIGABYTE|B850|AM5|AM5|B850|ELITE|WF7,MOTHER GIGABYTE,120272,B850 A ELITE WF7,MOTHER GIGABYTE (AM5) B850 A ELITE WF7,GIGABYTE                                          ,312711.08,10.0,-,-,-,-,-,-,-,-,-,-,-
solo_distribuidor,mothers,mothers|GIGABYTE|Z890||LGA1851|Z890|EAGLE,MOTHER GIGABYTE,120258,Z890 EAGLE,MOTHER GIGABYTE (LGA1851) Z890 EAGLE,GIGABYTE                                          ,307201.78,10.0,-,-,-,-,-,-,-,-,-,-,-
solo_distribuidor,mothers,mothers|GIGABYTE|A620I|AM5|AM5|A620I|AX,MOTHER GIGABYTE,120270,A620I AX,MOTHER GIGABYTE (AM5) A620I AX,GIGABYTE                                          ,234097.61,10.0,-,-,-,-,-,-,-,-,-,-,-
solo_distribuidor,placas_video,placas_video|GIGABYTE|RX|9070||16GB|PLACA|DE|RX|9070|OC|16GB,PLACA DE VIDEO,120289,GV-R9070GAMING OC-16GD,PLACA DE VIDEO GIGABYTE RADEON RX 9070 GAMING OC 16GB,GIGABYTE                                          ,1200821.62,10.0,-,-,-,-,-,-,-,-,-,-,-
solo_distribuidor,placas_video,placas_video|GIGABYTE|RTX|5070||12GB|PLACA|DE|RTX|5070|AERO|OC,PLACA DE VIDEO,120370,GV-N5070AERO OC-12GD,PLACA DE VIDEO GIGABYTE RTX 5070 AERO OC 12GB,GIGABYTE                                          ,1246453.62,10.0,-,-,-,-,-,-,-,-,-,-,-
solo_distribuidor,placas_video,placas_video|ASUS|RX|9070||16GB|PLACA|DE|PRIME|RX|9070|16GB,PLACA DE VIDEO,120361,PRIME-RX9070-O16G,PLACA DE VIDEO ASUS PRIME RX 9070 O 16GB,ASUS,1118179.0,10.0,-,-,-,-,-,-,-,-,-,-,-
solo_distribuidor,placas_video,placas_video|GIGABYTE|RX|9070|XT|16GB|PLACA|DE|RX|9070|XT|OC,PLACA DE VIDEO,120170,GV-R9070XTGAMING OC-16GD,PLACA DE VIDEO GIGABYTE RADEON RX 9070 XT GAMING OC 16GB,GIGABYTE                                          ,1307991.39,9.0,-,-,-,-,-,-,-,-,-,-,-
solo_distribuidor,placas_video,placas_video|SAPPHIRE|RX|9070|XT|16GB|PLACA|DE|PULSE|RX|9070|XT,PLACA DE VIDEO,120164,11348-03-20G,PLACA DE VIDEO SAPPHIRE PULSE RX 9070 XT 16GB,SAPPHIRE                                          ,1285649.82,8.0,-,-,-,-,-,-,-,-,-,-,-
solo_distribuidor,placas_video,placas_video|ASUS|RTX|5070||12GB|PLACA|DE|TUF|RTX|5070|OC,PLACA DE VIDEO,120233,TUF-RTX5070-O12G-GAMING,PLACA DE VIDEO ASUS TUF RTX 5070 OC 12GB GAMING,ASUS,1341812.91,10.0,-,-,-,-,-,-,-,-,-,-,-
solo_distribuidor,placas_video,placas_video|GIGABYTE|RX|9070|XT|16GB|PLACA|DE|RX|9070XT|AORUS|ELITE,PLACA DE VIDEO,120169,GV-R9070XTAORUS E-16GD,PLACA DE VIDEO GIGABYTE  RADEON RX 9070XT AORUS ELITE 16GB,GIGABYTE                                          ,1401093.77,10.0,-,-,-,-,-,-,-,-,-,-,-
solo_distribuidor,placas_video,placas_video|ASUS|RTX|5080||16GB|PLACA|DE|PRIME|RTX|5080|16GB,PLACA DE VIDEO,120228,PRIME-RTX5080-O16G,PLACA DE VIDEO ASUS PRIME RTX 5080 O 16GB D7,ASUS,2588735.78,10.0,-,-,-,-,-,-,-,-,-,-,-
solo_distribuidor,placas_video,placas_video|ASUS|RX|9070||16GB|PLACA|DE|PRIME|RX|9070|16GB,PLACA DE VIDEO,121668,PRIME-RX9070-O16G-EVO,PLACA DE VIDEO ASUS PRIME RX 9070 O 16GB EVO,ASUS,1110431.85,10.0,-,-,-,-,-,-,-,-,-,-,-
solo_distribuidor,placas_video,placas_video|ASROCK|RX|9070|XT|16GB|PLACA|DE|RX9070XT|16GB|STEEL|LEGEND,PLACA DE VIDEO,121559,RX9070XT SLD16,PLACA DE VIDEO ASROCK RX9070XT 16GB STEEL LEGEND DARK,ASROCK,1165253.36,10.0,-,-,-,-,-,-,-,-,-,-,-
solo_distribuidor,placas_video,placas_video|ASUS|RTX|5060|TI|8GB|PLACA|DE|PRIME|RTX|5060TI|8GB,PLACA DE VIDEO,121299,PRIME-RTX5060TI-O8G,PLACA DE VIDEO ASUS PRIME RTX 5060TI O 8GB,ASUS,876656.72,4.0,-,-,-,-,-,-,-,-,-,-,-
solo_distribuidor,placas_video,placas_video|ASUS|RTX|5060|TI|16GB|PLACA|DE|RTX|5060TI|16GB,PLACA DE VIDEO,121177,DUAL-RTX5060TI-O16G,PLACA DE VIDEO ASUS DUAL RTX 5060TI 16GB,ASUS,1001519.45,3.0,-,-,-,-,-,-,-,-,-,-,-
solo_distribuidor,placas_video,placas_video|SAPPHIRE|RX|7600||8GB|PLACA|DE|PULSE|RX|7600|OC,PLACA DE VIDEO,118259,11324-01-20G,PLACA DE VIDEO SAPPHIRE PULSE RX 7600 OC 8GB,SAPPHIRE                                          ,504970.9,10.0,-,-,-,-,-,-,-,-,-,-,-
solo_distribuidor,placas_video,placas_video|ASROCK|RX|7600||8GB|PLACA|DE|RX7600|8GB|OC|STEEL,PLACA DE VIDEO,118315,RX 7600 SL 8GO,PLACA DE VIDEO ASROCK RX7600 8GB OC STEEL LEGEND WHITE ARGB,ASROCK,526212.28,1.0,-,-,-,-,-,-,-,-,-,-,-
solo_distribuidor,placas_video,placas_video|ASROCK|RX|9070|XT|16GB|PLACA|DE|RX9070XT|16GB|CHALLENGER,PLACA DE VIDEO,121560,RX9070XT CL16G,PLACA DE VIDEO ASROCK RX9070XT 16GB CHALLENGER,ASROCK,1124367.28,10.0,-,-,-,-,-,-,-,-,-,-,-
solo_distribuidor,placas_video,placas_video|ASUS|RTX|5050||8GB|PLACA|DE|PRIME|RTX|5050|8GB,PLACA DE VIDEO,121666,PRIME RTX5050 O8G,PLACA DE VIDEO ASUS PRIME RTX 5050 O 8GB,ASUS,526845.91,10.0,-,-,-,-,-,-,-,-,-,-,-
solo_distribuidor,placas_video,placas_video|ASUS|RTX|5060|||PLACA|DE|RTX|5060|O8GB|EVO,PLACA DE VIDEO,122669,DUAL-RTX5060-O8G EVO,PLACA DE VIDEO ASUS DUAL RTX 5060 O8GB EVO,ASUS,652365.88,10.0,-,-,-,-,-,-,-,-,-,-,-
solo_distribuidor,placas_video,placas_video|GIGABYTE|RTX|5070||12GB|PLACA|DE|RTX|5070|EAGLE|OC,PLACA DE VIDEO,120366,GV-N5070EAGLEOC ICE 12GD,PLACA DE VIDEO GIGABYTE RTX 5070 EAGLE OC ICE 12GB (WHITE),GIGABYTE                                          ,1194661.85,10.0,-,-,-,-,-,-,-,-,-,-,-
solo_distribuidor,placas_video,placas_video|ASUS|RTX|5090|||PLACA|DE|TUF|RTX|5090|D7,PLACA DE VIDEO,120642,TUF-RTX5090-32G-GAMING,PLACA DE VIDEO ASUS TUF RTX 5090 D7 32G GAMING,ASUS,5906733.3,2.0,-,-,-,-,-,-,-,-,-,-,-
solo_distribuidor,placas_video,placas_video|ZOTAC|RTX|5070||12GB|PLACA|DE|RTX|5070|12GB|SOLID,PLACA DE VIDEO,120478,ZT-B50700J-10P,PLACA DE VIDEO ZOTAC RTX 5070 12GB SOLID OC GDDR7,ZOTAC,1133613.79,10.0,-,-,-,-,-,-,-,-,-,-,-
solo_distribuidor,placas_video,placas_video|GIGABYTE|RTX|5070||12GB|PLACA|DE|RTX|5070|EAGLE|OC,PLACA DE VIDEO,120371,GV-N5070EAGLE OC-12G,PLACA DE VIDEO GIGABYTE RTX 5070 EAGLE OC 12GB,GIGABYTE                                          ,1174544.28,10.0,-,-,-,-,-,-,-,-,-,-,-
solo_distribuidor,placas_video,placas_video|ASUS|RTX|5080|||PLACA|DE|TUF|RTX|5080|O16GB,PLACA DE VIDEO,122517,TUF-RTX5080-O16G-GAMING,PLACA DE VIDEO ASUS TUF RTX 5080 O16GB GAMING,ASUS,2853919.63,10.0,-,-,-,-,-,-,-,-,-,-,-
solo_distribuidor,placas_video,placas_video|ASROCK|RX|9060|XT|8GB|PLACA|DE|RX9060XT|8GB|OC|STEEL,PLACA DE VIDEO,122356,RX9060XT SL 8G,PLACA DE VIDEO ASROCK RX9060XT 8GB OC STEEL LEGEND WHITE,ASROCK,598042.58,10.0,-,-,-,-,-,-,-,-,-,-,-
solo_distribuidor,placas_video,placas_video|GIGABYTE|RX|9070||16GB|PLACA|DE|RX|9070|16GB,PLACA DE VIDEO,121689,GV-R9070GAMING-16GD,PLACA DE VIDEO GIGABYTE RADEON RX 9070 GAMING 16GB,GIGABYTE                                          ,1190434.14,10.0,-,-,-,-,-,-,-,-,-,-,-
solo_distribuidor,placas_video,placas_video|GIGABYTE|RX|9070|XT|16GB|PLACA|DE|RX|9070|XT|16GB,PLACA DE VIDEO,121688,GV-R9070XTGAMING-16GD,PLACA DE VIDEO GIGABYTE RADEON RX 9070 XT GAMING 16GB,GIGABYTE                                          ,1312279.88,10.0,-,-,-,-,-,-,-,-,-,-,-
solo_distribuidor,placas_video,placas_video|GIGABYTE|RTX|5060|TI|8GB|PLACA|DE|RTX|5060TI|AERO|8GB,PLACA DE VIDEO,121691,GV-N506TAERO OC-8GD,PLACA DE VIDEO GIGABYTE RTX 5060TI AERO 8GB,GIGABYTE                                          ,782522.49,8.0,-,-,-,-,-,-,-,-,-,-,-
solo_distribuidor,placas_video,placas_video|GIGABYTE|RX|9070|XT|16GB|PLACA|DE|RX|9070XT|ICE|16GB,PLACA DE VIDEO,121687,GV-R907XGAMINGOCICE-16GD,PLACA DE VIDEO GIGABYTE  RADEON RX 9070XT GAMING ICE 16GB,GIGABYTE                                          ,1296207.68,10.0,-,-,-,-,-,-,-,-,-,-,-
solo_distribuidor,placas_video,placas_video|GIGABYTE|RTX|5070||12GB|PLACA|DE|RTX|5070|AORUS|12GB,PLACA DE VIDEO,121690,GV-N5070AORUS M-12GD,PLACA DE VIDEO GIGABYTE RTX 5070 AORUS 12GB GDRR7,GIGABYTE                                          ,1417766.21,10.0,-,-,-,-,-,-,-,-,-,-,-
solo_distribuidor,placas_video,placas_video|GIGABYTE|RX|9060|XT|16GB|PLACA|DE|RX|9060XT|OC|16GB,PLACA DE VIDEO,121063,GV-R9060XTGAMING OC-16GD,PLACA DE VIDEO GIGABYTE RADEON RX 9060XT GAMING OC 16GB,GIGABYTE                                          ,815391.21,10.0,-,-,-,-,-,-,-,-,-,-,-
solo_distribuidor,placas_video,placas_video|GIGABYTE|RX|9060|XT|8GB|PLACA|DE|RX|9060XT|OC|8GB,PLACA DE VIDEO,121064,GV-R9060XTGAMING OC-8GD,PLACA DE VIDEO GIGABYTE RADEON RX 9060XT GAMING OC 8GB,GIGABYTE                                          ,645106.54,10.0,-,-,-,-,-,-,-,-,-,-,-
solo_distribuidor,placas_video,placas_video|SAPPHIRE|RX|9060|XT|16GB|PLACA|DE|PULSE|RX|9060|XT,PLACA DE VIDEO,121122,11350-03-20G,PLACA DE VIDEO SAPPHIRE PULSE RX 9060 XT GAMING OC 16GB,SAPPHIRE                                          ,802680.84,10.0,-,-,-,-,-,-,-,-,-,-,-
solo_distribuidor,procesadores,procesadores|AMD|RYZEN|5|4500,PROCESADORES,118357,100-100000644BOX,PROCESADOR AMD (AM4) RYZEN 5 4500 65W,AMD                                               ,118796.01,10.0,-,-,-,-,-,-,-,-,-,-,-
solo_distribuidor,procesadores,procesadores|INTEL|COREI|3|13100F,PROCESADORES,118420,BX8071513100F,PROCESADOR INTEL (LGA1700) CORE I3 13100F,INTEL                                             ,151921.08,10.0,-,-,-,-,-,-,-,-,-,-,-
solo_distribuidor,procesadores,procesadores|AMD|RYZEN|5|8500G,PROCESADORES,118980,100-100000931BOX,PROCESADOR AMD (AM5) RYZEN 5 8500G,AMD                                               ,209530.31,10.0,-,-,-,-,-,-,-,-,-,-,-
solo_distribuidor,procesadores,procesadores|AMD|RYZEN|7|8700F,PROCESADORES,119050,100-100001590BOX,PROCESADOR AMD (AM5) RYZEN 7 8700F,AMD                                               ,356920.88,10.0,-,-,-,-,-,-,-,-,-,-,-
solo_distribuidor,procesadores,procesadores|INTEL|PENTIUM||G7400,PROCESADORES,116718,BX80715G7400,PROCESADOR INTEL (LGA1700) PENTIUM GOLD G7400,INTEL                                             ,161197.51,5.0,-,-,-,-,-,-,-,-,-,-,-
solo_distribuidor,procesadores,,PROCESADORES,100346,BX80662G4400,PROCESADOR INTEL (1151) PENTIUM DUAL CORE G4400 (SIN COOLER),INTEL                                             ,145829.3,10.0,-,-,-,-,-,-,-,-,-,-,-
solo_distribuidor,procesadores,procesadores|INTEL|COREULTRA|5|225,PROCESADORES,120137,BX80768225,PROCESADOR INTEL (LGA1851) CORE ULTRA 5 225,INTEL                                             ,394775.34,10.0,-,-,-,-,-,-,-,-,-,-,-
solo_distribuidor,procesadores,procesadores|INTEL|COREULTRA|5|225F,PROCESADORES,120631,BX80768225F,PROCESADOR INTEL (LGA1851) CORE ULTRA 5 225F,INTEL                                             ,289390.88,10.0,-,-,-,-,-,-,-,-,-,-,-
solo_distribuidor,procesadores,procesadores|INTEL|COREI|9|14900F,PROCESADORES,119844,BX8071514900F,PROCESADOR INTEL (LGA1700) CORE I9 14900F,INTEL                                             ,1011871.66,2.0,-,-,-,-,-,-,-,-,-,-,-
solo_distribuidor,procesadores,procesadores|AMD|RYZEN|9|9950X3D,PROCESADORES,120136,100-100000719WOF,PROCESADOR AMD (AM5) RYZEN 9 9950X3D,AMD                                               ,1138242.25,10.0,-,-,-,-,-,-,-,-,-,-,-
solo_distribuidor,procesadores,procesadores|INTEL|COREULTRA|5|245K,PROCESADORES,119759,BX80768245K,PROCESADOR INTEL (LGA1851) CORE ULTRA 5 245K,INTEL                                             ,366348.47,10.0,-,-,-,-,-,-,-,-,-,-,-
solo_distribuidor,procesadores,procesadores|AMD|RYZEN|5|9600X,PROCESADORES,119143,100-100001405WOF,PROCESADOR AMD (AM5) RYZEN 5 9600X (S/COOLER),AMD                                               ,364517.03,10.0,-,-,-,-,-,-,-,-,-,-,-
solo_distribuidor,procesadores,procesadores|AMD|RYZEN|9|5900XT,PROCESADORES,119140,100-100001581WOF,PROCESADOR AMD (AM4) RYZEN 9 5900XT,AMD                                               ,509976.48,10.0,-,-,-,-,-,-,-,-,-,-,-
solo_distribuidor,procesadores,procesadores|AMD|RYZEN|7|5800XT,PROCESADORES,119139,100-100001582BOX,PROCESADOR AMD (AM4) RYZEN 7 5800XT (S/COOLER),AMD                                               ,405499.0,8.0,-,-,-,-,-,-,-,-,-,-,-
solo_distribuidor,procesadores,procesadores|AMD|RYZEN|9|7900,PROCESADORES,118094,100-100000590WOF,PROCESADOR AMD (AM5) RYZEN 9 7900 (S/COOLER),AMD                                               ,546417.71,10.0,-,-,-,-,-,-,-,-,-,-,-
solo_distribuidor,procesadores,procesadores|INTEL|COREULTRA|5|235,PROCESADORES,121277,BX80768235,PROCESADOR INTEL (LGA1851) CORE ULTRA 5 235 3.4G 24MB,INTEL                                             ,424219.09,5.0,-,-,-,-,-,-,-,-,-,-,-
solo_distribuidor,procesadores,procesadores|INTEL|COREULTRA|7|270K,PROCESADORES,122759,BX80768270K,PROCESADOR INTEL (LGA1851) CORE ULTRA 7 270K,INTEL                                             ,554540.1,9.0,-,-,-,-,-,-,-,-,-,-,-
solo_distribuidor,procesadores,procesadores|AMD|RYZEN|9|9950X3D2,PROCESADORES,122665,100-100001978WOF,PROCESADOR AMD (AM5) RYZEN 9 9950X3D2,AMD                                               ,1528324.73,10.0,-,-,-,-,-,-,-,-,-,-,-
solo_mexx,procesadores,procesadores|AMD|RYZEN|9|7900X,-,-,-,-,-,-,-,-,24405,Procesador Amd Ryzen 9 7900X 5.6 Ghz - AM5 Sin Cooler,Amd,610549.0,EN STOCK,-,-,https://www.mexx.com.ar/productos-rubro/procesadores/44155-procesador-amd-ryzen-9-7900x-5.6-ghz-am5-sin-cooler.html,-,-
solo_mexx,procesadores,procesadores|INTEL|COREI|3|14100F,-,-,-,-,-,-,-,-,24749,Procesador Intel Core i3 14100F 4.7 Ghz Raptor Lake 1700 Sin Gpu,Intel,190999.0,EN STOCK,-,-,https://www.mexx.com.ar/productos-rubro/procesadores/50448-procesador-intel-core-i3-14100f-4.7-ghz-raptor-lake-1700-sin-gpu.html,-,-
solo_mexx,procesadores,procesadores|INTEL|COREI|3|10100F,-,-,-,-,-,-,-,-,24751,Procesador Intel Core i3 10100F 3.6 Ghz Comet Lake 1200 Sin Gpu,Intel,104679.0,EN STOCK,-,-,https://www.mexx.com.ar/productos-rubro/procesadores/39007-procesador-intel-core-i3-10100f-3.6-ghz-comet-lake-1200-sin-gpu.html,-,-
solo_mexx,procesadores,procesadores|INTEL|COREI|3|12100F,-,-,-,-,-,-,-,-,24753,Procesador Intel Core i3 12100F 4.3 Ghz Alder Lake 1700 Sin Gpu,Intel,134999.0,EN STOCK,-,-,https://www.mexx.com.ar/productos-rubro/procesadores/41939-procesador-intel-core-i3-12100f-4.3-ghz-alder-lake-1700-sin-gpu.html,-,-
solo_mexx,procesadores,procesadores|INTEL|COREI|5|12400F,-,-,-,-,-,-,-,-,25172,Procesador Intel Core i5 12400F 4.4 Ghz Alder Lake 1700 Sin Gpu,Intel,290999.0,EN STOCK,-,-,https://www.mexx.com.ar/productos-rubro/procesadores/41761-procesador-intel-core-i5-12400f-4.4-ghz-alder-lake-1700-sin-gpu.html,-,-
solo_mexx,procesadores,procesadores|INTEL|COREI|5|12600KF,-,-,-,-,-,-,-,-,25216,Procesador Intel Core i5 12600KF 4.9 Ghz Alder Lake 1700 Sin Cooler Sin Gpu,Intel,335999.0,EN STOCK,-,-,https://www.mexx.com.ar/productos-rubro/procesadores/51219-procesador-intel-core-i5-12600kf-4.9-ghz-alder-lake-1700-sin-cooler-sin-gpu.html,-,-
solo_mexx,procesadores,procesadores|INTEL|COREI|7|12700F,-,-,-,-,-,-,-,-,25422,Procesador Intel Core i7 12700F 4.9 Ghz Alder Lake 1700 Sin Gpu,Intel,485999.0,EN STOCK,-,-,https://www.mexx.com.ar/productos-rubro/procesadores/41940-procesador-intel-core-i7-12700f-4.9-ghz-alder-lake-1700-sin-gpu.html,-,-
solo_mexx,procesadores,procesadores|INTEL|COREI|7|12700,-,-,-,-,-,-,-,-,25423,Procesador Intel Core i7 12700 4.4 Ghz Alder Lake 1700,Intel,579619.0,EN STOCK,-,-,https://www.mexx.com.ar/productos-rubro/procesadores/42231-procesador-intel-core-i7-12700-4.4-ghz-alder-lake-1700.html,-,-
solo_mexx,procesadores,procesadores|INTEL|COREI|7|14700F,-,-,-,-,-,-,-,-,25427,Procesador Intel Core i7 14700F 5.4 Ghz Raptor Lake 1700 Sin Gpu,Intel,605999.0,EN STOCK,-,-,https://www.mexx.com.ar/productos-rubro/procesadores/49340-procesador-intel-core-i7-14700f-5.4-ghz-raptor-lake-1700-sin-gpu.html,-,-
solo_mexx,procesadores,procesadores|INTEL|COREI|7|14700K,-,-,-,-,-,-,-,-,25429,Procesador Intel Core i7 14700K 5.6 Ghz Raptor Lake 1700 Sin Cooler,Intel,722759.0,EN STOCK,-,-,https://www.mexx.com.ar/productos-rubro/procesadores/47087-procesador-intel-core-i7-14700k-5.6-ghz-raptor-lake-1700-sin-cooler.html,-,-
solo_mexx,procesadores,procesadores|INTEL|COREI|7|14700KF,-,-,-,-,-,-,-,-,25430,Procesador Intel Core i7 14700KF 5.6 Ghz Raptor Lake 1700 Sin Cooler SinGpu,Intel,625999.0,EN STOCK,-,-,https://www.mexx.com.ar/productos-rubro/procesadores/47088-procesador-intel-core-i7-14700kf-5.6-ghz-raptor-lake-1700-sin-cooler-singpu.html,-,-
solo_mexx,procesadores,procesadores|INTEL|COREI|9|12900,-,-,-,-,-,-,-,-,25633,Procesador Intel Core i9 12900 5.1 Ghz Alder Lake 1700,Intel,660999.0,EN STOCK,-,-,https://www.mexx.com.ar/productos-rubro/procesadores/42657-procesador-intel-core-i9-12900-5.1-ghz-alder-lake-1700.html,-,-
solo_mexx,procesadores,procesadores|INTEL|COREI|9|12900K,-,-,-,-,-,-,-,-,25634,Procesador Intel Core i9 12900K 5.2 Ghz Alder Lake 1700 Sin Cooler,Intel,680999.0,EN STOCK,-,-,https://www.mexx.com.ar/productos-rubro/procesadores/41360-procesador-intel-core-i9-12900k-5.2-ghz-alder-lake-1700-sin-cooler.html,-,-
solo_mexx,procesadores,procesadores|INTEL|COREI|9|14900,-,-,-,-,-,-,-,-,25642,Procesador Intel Core i9 14900 5.8 Ghz Raptor Lake 1700,Intel,1080999.0,EN STOCK,-,-,https://www.mexx.com.ar/productos-rubro/procesadores/47081-procesador-intel-core-i9-14900-5.8-ghz-raptor-lake-1700.html,-,-
solo_mexx,procesadores,procesadores|INTEL|COREI|9|14900K,-,-,-,-,-,-,-,-,25643,Procesador Intel Core i9 14900K 6.0 Ghz Raptor Lake 1700 Sin Cooler,Intel,890999.0,EN STOCK,-,-,https://www.mexx.com.ar/productos-rubro/procesadores/47082-procesador-intel-core-i9-14900k-6.0-ghz-raptor-lake-1700-sin-cooler.html,-,-
solo_mexx,procesadores,procesadores|INTEL|COREULTRA|5|245KF,-,-,-,-,-,-,-,-,25653,Procesador Intel Core Ultra 5 245KF 5.2 Ghz,Intel,405999.0,EN STOCK,-,-,https://www.mexx.com.ar/productos-rubro/procesadores/49141-procesador-intel-core-ultra-5-245kf-5.2-ghz.html,-,-
solo_mexx,procesadores,procesadores|INTEL|COREULTRA|7|265F,-,-,-,-,-,-,-,-,25657,Procesador Intel Core Ultra 7 265F 5.3 Ghz,Intel,580999.0,EN STOCK,-,-,https://www.mexx.com.ar/productos-rubro/procesadores/49143-procesador-intel-core-ultra-7-265f-5.3-ghz.html,-,-
solo_mexx,procesadores,procesadores|INTEL|COREULTRA|7|265KF,-,-,-,-,-,-,-,-,25659,Procesador Intel Core Ultra 7 265KF 5.5 Ghz,Intel,535999.0,EN STOCK,-,-,https://www.mexx.com.ar/productos-rubro/procesadores/49145-procesador-intel-core-ultra-7-265kf-5.5-ghz.html,-,-
solo_mexx,procesadores,procesadores|INTEL|COREULTRA|9|285,-,-,-,-,-,-,-,-,25665,Procesador Intel Core Ultra 9 285 5.6 Ghz,Intel,1005999.0,EN STOCK,-,-,https://www.mexx.com.ar/productos-rubro/procesadores/49146-procesador-intel-core-ultra-9-285-5.6-ghz.html,-,-
solo_distribuidor,refrigeracion,refrigeracion|TRUST||BASE|AURA|STAND|NOTEBOOK|GXT1126,COOLERS,117007,24192,BASE COOLER TRUST AURA STAND NOTEBOOK GXT1126,TRUST,46762.69,10.0,-,-,-,-,-,-,-,-,-,-,-
solo_distribuidor,refrigeracion,refrigeracion|TRUST||BASE|YOZU|STAND|NOTEBOOK|GXT278,COOLERS,117006,20817,BASE COOLER TRUST YOZU STAND NOTEBOOK GXT278,TRUST,40968.18,10.0,-,-,-,-,-,-,-,-,-,-,-
solo_distribuidor,refrigeracion,refrigeracion|ASUS||WATER|PRIME|LC|360,COOLERS,120181,PRIME LC 360 ARGB,WATER COOLER ASUS PRIME LC 360 ARGB,ASUS,140698.41,1.0,-,-,-,-,-,-,-,-,-,-,-
solo_distribuidor,refrigeracion,refrigeracion|THERMALTAKE||WATER|TH240|V2|ULTRA|EX|SYNC,COOLERS,121261,CL-W414-PL12SW-A,WATER COOLER THERMALTAKE TH240 V2 ULTRA EX ARGB SYNC WATER  BLACK,THERMALTAKE,252350.66,10.0,-,-,-,-,-,-,-,-,-,-,-
solo_distribuidor,refrigeracion,refrigeracion|THERMALTAKE||WATER|TH240|V2|ULTRA|EX|SYNC,COOLERS,121263,CL-W425-PL12SW-A,WATER COOLER THERMALTAKE TH240 V2 ULTRA EX ARGB SYNC WATER BLOCK SNOW EDITION,THERMALTAKE,252350.66,10.0,-,-,-,-,-,-,-,-,-,-,-
solo_distribuidor,refrigeracion,refrigeracion|THERMALTAKE||GABINETE|CT120|EX|SYNC,COOLERS,121255,CL-F190-PL12SW-A,GABINETE COOLER THERMALTAKE CT120 EX ARGB SYNC WHITE,THERMALTAKE,96690.28,8.0,-,-,-,-,-,-,-,-,-,-,-
solo_distribuidor,refrigeracion,refrigeracion|THERMALTAKE||CT140|EX|SYNC,COOLERS,121256,CL-F191-PL14SW-A,COOLER THERMALTAKE CT140 EX ARGB SYNC WHITE,THERMALTAKE,101229.34,1.0,-,-,-,-,-,-,-,-,-,-,-
solo_distribuidor,refrigeracion,refrigeracion|RAIDMAX||WATER|INFINITA|LS360,COOLERS,120153,LS360WT ARGB,WATER COOLER CPU RAIDMAX INFINITA LS360 ARGB WHITE,RAIDMAX,112208.09,10.0,-,-,-,-,-,-,-,-,-,-,-
solo_distribuidor,refrigeracion,refrigeracion|RAIDMAX||WATER|LM360|LCD|DISPLAY,COOLERS,120154,LM360BK LCD,WATER COOLER CPU RAIDMAX LM360 RGB LCD DISPLAY BLACK,RAIDMAX,157664.05,10.0,-,-,-,-,-,-,-,-,-,-,-
solo_distribuidor,refrigeracion,refrigeracion|ASUS||WATER|ROG|RYUJIN|III|360|EXTREME,COOLERS,120186,RYUJIN III 360 ARGB EXTREME,WATER COOLER ASUS ROG RYUJIN III 360 ARGB EXTREME,ASUS,594899.94,10.0,-,-,-,-,-,-,-,-,-,-,-
solo_distribuidor,refrigeracion,refrigeracion|GIGABYTE||WATER|AORUS|WATERFORCE|II|240,COOLERS,119873,AORUS WATERFORCE X II 240,WATER COOLER GIGABYTE AORUS WATERFORCE X II 240,GIGABYTE                                          ,298760.53,10.0,-,-,-,-,-,-,-,-,-,-,-
solo_distribuidor,refrigeracion,refrigeracion|RAIDMAX|120MM|120MM|PMW|AIR,COOLERS,119160,NV-X120FBP,COOLER FAN 120mm ARGB PMW RAIDMAX X-AIR BLACK,RAIDMAX,11358.67,10.0,-,-,-,-,-,-,-,-,-,-,-
solo_distribuidor,refrigeracion,refrigeracion|RAIDMAX|120MM|120MM|PMW|AIR,COOLERS,119161,NV-X120FWP,COOLER FAN 120mm ARGB PMW RAIDMAX X-AIR WHITE,RAIDMAX,11358.67,10.0,-,-,-,-,-,-,-,-,-,-,-
solo_distribuidor,refrigeracion,refrigeracion|RAIDMAX|120MM|120MM|PMW|INFINITA|AIR,COOLERS,119158,NV-IX120FBP,COOLER FAN 120mm ARGB PMW RAIDMAX INFINITA-AIR BLACK,RAIDMAX,12989.81,10.0,-,-,-,-,-,-,-,-,-,-,-
solo_distribuidor,refrigeracion,refrigeracion|NZXT||AIRFLOW|SERIES|FZ|200,COOLERS,101136,RF-FZ20S-U1,COOLER NZXT AIRFLOW SERIES FZ-200 BLUE,NZXT                                              ,48662.25,2.0,-,-,-,-,-,-,-,-,-,-,-
solo_distribuidor,refrigeracion,refrigeracion|RAIDMAX||WATER|INFINITA|LS240,COOLERS,120852,LS240WT ARGB,WATER COOLER CPU RAIDMAX INFINITA LS240 ARGB WHITE,RAIDMAX,87156.12,10.0,-,-,-,-,-,-,-,-,-,-,-
solo_distribuidor,refrigeracion,refrigeracion|THERMALTAKE||WATER|LA360|SYNC|ALL|IN|ONE,COOLERS,121090,CL-W462-PL12SW-A,WATER COOLER THERMALTAKE LA360-S ARGB SYNC ALL IN ONE BLACK,THERMALTAKE,139442.18,10.0,-,-,-,-,-,-,-,-,-,-,-
solo_distribuidor,refrigeracion,refrigeracion|RAIDMAX||AC902K|PWM,COOLERS,120850,AC902K,COOLER CPU RAIDMAX AC902K PWM ARGB,RAIDMAX,26182.39,10.0,-,-,-,-,-,-,-,-,-,-,-
solo_distribuidor,refrigeracion,refrigeracion|RAIDMAX||WATER|LM240|LCD|DISPLAY,COOLERS,120853,LM240 LCD,WATER COOLER CPU RAIDMAX LM240 RGB LCD DISPLAY BLACK,RAIDMAX,124502.45,10.0,-,-,-,-,-,-,-,-,-,-,-
solo_distribuidor,refrigeracion,refrigeracion|ASUS||WATER|PRIME|LC|240,COOLERS,121166,PRIME LC 240 ARGB,WATER COOLER ASUS PRIME LC 240 ARGB,ASUS,115867.21,2.0,-,-,-,-,-,-,-,-,-,-,-
solo_distribuidor,refrigeracion,refrigeracion|ASUS||WATER|ROG|STRIX|LC|III|360,COOLERS,120192,ROG STRIX LC III 360 ARGB WHITE,WATER COOLER ASUS ROG STRIX LC III 360 ARGB WHITE,ASUS,388337.95,10.0,-,-,-,-,-,-,-,-,-,-,-
solo_distribuidor,refrigeracion,refrigeracion|ASUS||WATER|ROG|STRIX|LC|III|360,COOLERS,120180,ROG STRIX LC III 360 ARGB,WATER COOLER ASUS ROG STRIX LC III 360 ARGB,ASUS,373872.03,10.0,-,-,-,-,-,-,-,-,-,-,-
solo_distribuidor,refrigeracion,refrigeracion|RAIDMAX||WATER|INFINITA|LS240,COOLERS,120851,LS240BK ARGB,WATER COOLER CPU RAIDMAX INFINITA LS240 ARGB BLACK,RAIDMAX,79237.65,4.0,-,-,-,-,-,-,-,-,-,-,-
solo_distribuidor,refrigeracion,refrigeracion|THERMALTAKE||WATER|TH360|V2|ULTRA|EX|SYNC,COOLERS,121262,CL-W415-PL12SW-A,WATER COOLER THERMALTAKE TH360 V2 ULTRA EX ARGB SYNC WATER BLOCK BLACK,THERMALTAKE,285259.07,7.0,-,-,-,-,-,-,-,-,-,-,-
solo_distribuidor,refrigeracion,refrigeracion|THERMALTAKE||GABINETE|CT120|EX|SYNC|MATCHA|GREEN,COOLERS,121258,CL-F196-PL12MG-A,GABINETE COOLER THERMALTAKE CT120 EX ARGB SYNC MATCHA GREEN,THERMALTAKE,96690.28,10.0,-,-,-,-,-,-,-,-,-,-,-
solo_distribuidor,refrigeracion,refrigeracion|GIGABYTE||WATER|GME|240I,COOLERS,120811,GP-GIGABYTE GME 240I,WATER COOLER GIGABYTE GAMING GME 240I (WHITE),GIGABYTE                                          ,111899.15,8.0,-,-,-,-,-,-,-,-,-,-,-
solo_distribuidor,refrigeracion,refrigeracion|COOLERMASTER||MASTER|HYPER|212|3DHP,COOLERS,121481,MAY-T2HP-217PA-R1,COOLER CPU COOLER MASTER HYPER 212 3DHP BLACK ARGB,COOLER MASTER,50202.57,10.0,-,-,-,-,-,-,-,-,-,-,-
solo_distribuidor,refrigeracion,refrigeracion|COOLERMASTER||WATER|MASTER|MASTERLIQUID|240|ATMOS|II,COOLERS,121464,MLX-D24M-A25SZ-L1,WATER COOLER MASTER MASTERLIQUID 240 ATMOS II LCD ARGB,COOLER MASTER,290693.1,6.0,-,-,-,-,-,-,-,-,-,-,-
solo_distribuidor,refrigeracion,refrigeracion|COOLERMASTER||WATER|MASTER|MASTERLIQUID|360|ATMOS|II,COOLERS,121463,MLX-D36M-A25SZ-L1,WATER COOLER MASTER MASTERLIQUID 360 ATMOS II LCD ARGB,COOLER MASTER,315609.65,5.0,-,-,-,-,-,-,-,-,-,-,-
solo_distribuidor,refrigeracion,refrigeracion|COOLERMASTER||GABINETE|MASTER|MF120|LITE,COOLERS,121461,MFW-B2DN-17NPA-R1,COOLER PARA GABINETE COOLER MASTER MF120 LITE ARGB,COOLER MASTER,9504.07,10.0,-,-,-,-,-,-,-,-,-,-,-
solo_distribuidor,refrigeracion,refrigeracion|COOLERMASTER||WATER|MASTER|MASTERLIQUID|360|CORE|NEX,COOLERS,121443,MLX-D36M-A18PA-RW,WATER COOLER MASTER MASTERLIQUID 360 CORE NEX ARGB BLANCO,COOLER MASTER,112494.36,10.0,-,-,-,-,-,-,-,-,-,-,-
solo_distribuidor,refrigeracion,refrigeracion|COOLERMASTER||WATER|MASTER|MASTERLIQUID|240L|CORE|II,COOLERS,121444,MLW-D24M-A18PA-R1,WATER COOLER MASTER MASTERLIQUID 240L CORE II ARGB,COOLER MASTER,96185.65,10.0,-,-,-,-,-,-,-,-,-,-,-
solo_distribuidor,refrigeracion,refrigeracion|COOLERMASTER||WATER|MASTER|MASTERLIQUID|360L|CORE|II,COOLERS,121445,MLW-D36M-A18PA-R1,WATER COOLER MASTER MASTERLIQUID 360L CORE II ARGB,COOLER MASTER,123050.02,10.0,-,-,-,-,-,-,-,-,-,-,-
solo_distribuidor,refrigeracion,refrigeracion|COOLERMASTER||MASTER|HYPER|212|SPECTRUM|V3,COOLERS,121439,RR-S4NA-17PA-R1,COOLER CPU COOLER MASTER HYPER 212 SPECTRUM V3 RGB,COOLER MASTER,25712.02,10.0,-,-,-,-,-,-,-,-,-,-,-
solo_distribuidor,refrigeracion,refrigeracion|COOLERMASTER||WATER|MASTER|MASTERLIQUID|240|CORE|NEX,COOLERS,121441,MLX-D24M-A18PA-RW,WATER COOLER MASTER MASTERLIQUID 240 CORE NEX ARGB BLANCO,COOLER MASTER,97359.06,10.0,-,-,-,-,-,-,-,-,-,-,-
solo_distribuidor,refrigeracion,refrigeracion|COOLERMASTER||MASTER|V4|ALPHA|3DHP,COOLERS,122371,MAZ-T2HP-217PK-R1,COOLER CPU COOLER MASTER V4 ALPHA 3DHP BLACK,COOLER MASTER,62833.91,10.0,-,-,-,-,-,-,-,-,-,-,-
solo_distribuidor,refrigeracion,refrigeracion|THERMALTAKE||ASTRIA|400|AIR|PIPE|SYNC,COOLERS,121085,CL-P138-CA12SW-A,CPU COOLER THERMALTAKE ASTRIA 400 AIR 6 PIPE SYNC WHITE,THERMALTAKE,78733.39,10.0,-,-,-,-,-,-,-,-,-,-,-
solo_distribuidor,refrigeracion,refrigeracion|THERMALTAKE||WATER|LA360|SYNC|ALL|IN|ONE,COOLERS,121088,CL-W459-PL12SW-A,WATER COOLER THERMALTAKE LA360 ARGB SYNC ALL IN ONE BLACK,THERMALTAKE,118526.75,10.0,-,-,-,-,-,-,-,-,-,-,-
solo_distribuidor,refrigeracion,refrigeracion|ASROCK||WATER|CHALLENGER|360|DIGITAL,COOLERS,122354,CL360DIGI,WATER COOLER ASROCK CHALLENGER 360 DIGITAL,ASROCK,148145.44,10.0,-,-,-,-,-,-,-,-,-,-,-
solo_distribuidor,refrigeracion,refrigeracion|ASROCK||WATER|CHALLENGER|360|DIGITAL,COOLERS,122355,CLW360DIGI,WATER COOLER ASROCK CHALLENGER 360 DIGITAL WHITE,ASROCK,148145.44,10.0,-,-,-,-,-,-,-,-,-,-,-
solo_distribuidor,refrigeracion,refrigeracion|COOLERMASTER||WATER|MASTER|MASTERLIQUID|CORE|NEX|DIGITAL,COOLERS,122368,MLX-D36M-A18PA-RD,WATER COOLER MASTER MASTERLIQUID CORE NEX DIGITAL 360 BLACK ARGB,COOLER MASTER,115842.01,1.0,-,-,-,-,-,-,-,-,-,-,-
solo_distribuidor,refrigeracion,refrigeracion|COOLERMASTER||WATER|MASTER|MASTERLIQUID|CORE|NEX|DIGITAL,COOLERS,122367,MLX-D24M-A18PA-RD,WATER COOLER MASTER MASTERLIQUID CORE NEX DIGITAL 240 BLACK ARGB,COOLER MASTER,99006.12,10.0,-,-,-,-,-,-,-,-,-,-,-
solo_distribuidor,refrigeracion,refrigeracion|COOLERMASTER||WATER|MASTER|MASTERLIQUID|360|CORE|NEX,COOLERS,121442,MLX-D36M-A18PA-R1,WATER COOLER MASTER MASTERLIQUID 360 CORE NEX ARGB,COOLER MASTER,112494.36,10.0,-,-,-,-,-,-,-,-,-,-,-
solo_distribuidor,refrigeracion,refrigeracion|ASUS||WATER|ROG|RYUO|IV|360|MIKU,COOLERS,121650,ROG RYUO IV 360 ARGB MIKU,WATER COOLER ASUS ROG RYUO IV 360 ARGB MIKU EDITION,ASUS,603408.9,6.0,-,-,-,-,-,-,-,-,-,-,-
solo_distribuidor,refrigeracion,refrigeracion|THERMALTAKE||ASTRIA|400|AIR|PIPE|SYNC,COOLERS,120536,CL-P120-CA12SW-A,CPU COOLER THERMALTAKE ASTRIA 400 AIR 6 PIPE SYNC,THERMALTAKE,77765.05,10.0,-,-,-,-,-,-,-,-,-,-,-
solo_distribuidor,refrigeracion,refrigeracion|COOLERMASTER||WATER|MASTER|MASTERLIQUID|240|CORE|NEX,COOLERS,121440,MLX-D24M-A18PA-R1,WATER COOLER MASTER MASTERLIQUID 240 CORE NEX ARGB,COOLER MASTER,97359.06,10.0,-,-,-,-,-,-,-,-,-,-,-
solo_distribuidor,refrigeracion,refrigeracion|ASUS||WATER|ROG|STRIX|LC|III|360,COOLERS,121647,ROG STRIX LC III 360 ARGB LCD,WATER COOLER ASUS ROG STRIX LC III 360 ARGB LCD,ASUS,391073.87,3.0,-,-,-,-,-,-,-,-,-,-,-
solo_distribuidor,refrigeracion,refrigeracion|ASUS||WATER|ROG|RYUJIN|III|360|EXTREME,COOLERS,121649,RYUJIN III 360 ARGB EXTREME WHITE,WATER COOLER ASUS ROG RYUJIN III 360 ARGB EXTREME WHITE,ASUS,607479.78,10.0,-,-,-,-,-,-,-,-,-,-,-
solo_distribuidor,refrigeracion,refrigeracion|RAIDMAX|120MM|120MM|PMW|INFINITA|AIR,COOLERS,119159,NV-IX120FWP,COOLER FAN 120mm ARGB PMW RAIDMAX INFINITA-AIR WHITE,RAIDMAX,12989.81,10.0,-,-,-,-,-,-,-,-,-,-,-
